id,label
252d840db,4
1c4736dea,28
c37a6f3e9,103
00e4f514e,103
59d1b6146,48
8d808a07b,48
aeb67eefb,103
53cfc6586,48
aaa580243,103
d907ca7c0,13
541c4d41e,47
a98328317,47
b9e60ac3b,4
dfc9c6a23,4
52a88af32,28
0b9afbdf2,91
dfd946ac8,55
6e644aad3,49
630ba700c,103
6fd484575,4
48c96bd6b,47
c2c5a8cc9,91
2213dd7ad,103
8b2742145,49
0c79ae44d,68
d4ab201b8,55
ffd3661d4,103
e0098a158,4
78dbf0e31,103
8a952300f,103
f267d94cc,4
8097bc805,65
0c3ae4377,4
98f62f563,103
22149c3fd,4
c3194a1e8,68
7b437ba4e,13
550290aaa,91
edecaff0a,4
111388cb7,55
9fe27bb58,67
ed308c95d,55
9704969a7,4
0ae82a090,68
478e21c30,47
6e4cea791,4
f1184530f,4
2f9bf2b8a,103
a31f90373,67
855229539,77
07c0d22bb,47
b7b3939ca,88
1b7aef8e8,4
45a842008,49
37e16acde,41
8f252ecb2,4
c1f18cb5d,49
035f7cb0e,49
0cfc11aec,49
73a3ae7ee,47
a51abdf4f,48
ff889e23b,48
8f76524a3,4
c245c24bd,4
0bf251179,103
512aaea7c,47
b4663783a,48
9a4cb2829,4
d6143b4d4,4
acf17fceb,103
054412f7e,55
91db7053a,103
01cf43e0a,103
38cf8682d,4
333beeeb9,48
410639882,4
0cf6cceda,103
d95bb7f70,48
6e08cae12,4
0f33f1ca9,103
2dd56f346,48
b57dfb28a,103
4acd9d511,48
cc0db3719,48
2f90dff16,55
91b8321dd,103
1548838d2,48
0542511ad,4
04a7a4f50,70
117aabfd8,103
9fc75b12b,4
5b87d8d4b,55
70d635915,55
85f57ce0b,4
367f0d3ab,88
09780bc52,55
d5320553f,4
3cf6321ab,0
6066bf3b3,103
66e6f6938,103
8e7173502,4
84fc77fbd,103
5ac870ba2,24
3f3977d40,103
5b0a35493,55
2b5d0e5c2,4
3b66e2c2a,13
885f2eac5,59
7efb877f1,103
0c3928144,4
69e41bdea,49
0039e54f0,53
e45a81eb4,103
a83db002c,80
584b3a955,4
f028e8401,72
ae62dc8b0,72
c2d849108,4
bb0b9304e,55
5fff5ccb0,55
83714b580,55
b7a8c231f,48
a51b01392,55
f4cd5efa6,48
2df00f8e9,13
ef31624e8,103
f969c00cd,48
53be7448d,4
6074e6638,55
ac0930c4d,4
94d32655a,93
04c9322f3,4
a29fae12a,55
116b7f1b1,4
d97215599,13
6d34e11fc,4
aa070417f,103
f42d2d722,47
0120d37e5,103
42b0abd95,4
fa612d18c,76
319090100,103
e6dc466d6,14
a6db70773,4
1a5872fb5,48
2fafd906d,4
c8bec0f66,47
3341a6efb,4
5eabca233,91
37090107a,45
034ef87a4,47
7c856ad41,50
a256f13ff,4
d69a2d62b,53
8899f1bd1,4
73092f468,4
ec60dee71,53
27bf39b00,91
5d3f635c6,55
a0925df64,55
2a5e80a12,4
41ab6b40a,49
7acc72b45,4
19e239913,4
9950111eb,4
2d0752813,47
416e24d42,13
780f371fd,45
bd8139bb7,4
0d27bbb79,48
5002bff77,103
401b6e0c9,4
1f244d315,48
212081efd,55
37bd7591f,4
30eaaa6c9,55
5bb0fd4f7,4
ac6d42eca,47
8d8f3ee47,4
5954973f3,4
e7292df85,68
ca82d5eb3,103
0394a004e,75
15409e0d2,103
87020b1ce,73
099a2107d,47
7b825842e,48
473c84ae9,13
67056dfa6,4
cd4b41085,55
960cb8c40,103
f2cb54027,103
a1a2e7691,48
4e5e899bd,48
33a504d5d,103
d31f5a836,16
e345afe29,4
997575057,4
abed810c6,55
2538e0716,14
b61f62d90,48
9924275c7,48
3a1c2ac95,55
d9aa13213,103
4abefc989,9
2cb2c881e,47
165378703,47
7dd20f99e,4
fe2bfa700,62
eb86fad74,4
06291a920,4
84b7495d6,55
48f82311a,9
b784d7a07,76
e1e7f8c61,103
a2b499115,48
710a380e2,68
97a7c1e5b,103
72e6235c1,48
8756842ba,4
1dc234d6d,48
3cb2f9e9c,68
f351a6e43,46
45655caf4,103
0435e3c70,13
efa3cd848,62
3231f45f3,48
4c0a72203,49
774e6e2a9,48
03091fb7a,49
f85a5ee9a,103
6115fb1ac,55
92c33e670,4
bf54b2c66,68
1c4bdac93,103
41f6cf7e1,48
6521bc49e,4
9a4c23eeb,103
add649c7d,103
26d1f0e73,48
3d2ee2570,103
c476f6495,103
7a7fefad9,55
d2b091c3b,48
3da7e8585,78
a2aa2199a,0
6b82e86e7,68
3cc7863f5,103
8d5494b6f,103
89c87633a,48
28f90d5f0,70
b1041fc0d,103
cc9cd7803,68
50de80a98,4
8257df18f,16
8c102e395,4
6ef2473d3,103
954d0fe63,62
2a0dc41cd,55
8e412c7e5,49
2d3ea8986,4
5c2b3adde,55
6557acff6,103
4fb5992b3,103
32b46db46,103
b51c9863e,55
760068096,4
6c6ba5d80,75
54f73d67c,14
ba9e33af2,103
36b0477d7,9
cbb2dd81a,68
73ff3946d,55
8d53d2814,103
9f6708c0b,62
a69c80256,4
e5f6dbca4,48
0fc91f469,48
dd20b2594,48
abfe5bd86,48
1a96992d9,68
03c9840a9,30
19e95658b,103
2b347b559,47
dcbd123a6,48
e58b03040,4
705344bd8,4
814e0e21e,103
2bf06cd03,4
f5b855bb6,16
4b4291637,52
2b313ee7c,55
083ee0c99,4
c8aa236c5,16
35cb5e3c3,55
aedab5dc5,103
28fa2b3c8,103
a8a8b4261,18
50ee680eb,4
33f20f40b,4
a91426ca4,91
141fe61d6,9
44d4d79f1,53
e203d6713,4
5b3c21bc7,53
1ee5a55be,28
3b89f294f,103
344a190fa,103
49ebce8a6,103
5f0542bfc,13
9d56168f2,4
12c738d87,55
369693f04,68
65d1f9b28,103
11b0ea314,28
45c6bef70,103
c7dad9e04,48
8af7864d3,95
7b3780a82,103
f670aa5ac,4
336577848,103
22f63c29b,103
32aa8548d,103
77f6880d2,47
6aaaa29e5,16
1d149bccd,13
a0e86b0b1,21
2841a62a6,103
c099603ac,14
359625cf3,40
a19256173,48
c251cfdb5,4
15f331c1c,103
9a4b0da88,48
d25115245,49
b547b5949,103
e9b9e8a26,49
ce71e2dfe,55
7c30e1a81,48
e5b0c4faf,48
01c633ff1,103
0ac2378b9,103
50bb7de2d,103
ed127c922,0
b9b1f27a7,55
05a947c38,103
36c344ab5,68
c2915a59d,49
75d255458,103
8e2b5a31b,4
c92860c63,48
0b1ddcd93,75
aedb03983,4
94db73148,48
9b1b30062,103
052d2dde2,4
23253eaed,4
cf95485eb,55
d4ae8d14a,47
44e4c1b98,4
5413350ec,91
fb56bcd7d,52
22eaa8132,48
9c2f4d9ba,4
ff30e8b96,103
e7393ca3b,55
1c39926e6,103
2eb1d2313,4
49b260995,45
56e5b72fb,21
246798d36,103
524961d31,4
eb64f3c3f,4
46ccb6bd3,4
6485b01ac,4
b5422eec0,48
282dca22f,47
39e216b40,4
2b782bb3f,88
58c271df1,103
0dd7f1f16,103
53ef32294,4
8846a7457,4
cd27460a9,103
fac9307e4,4
5b8579555,68
9679190dd,48
b2b7e722d,103
b2a655d89,103
ec09668c7,12
78f6357bc,4
e5a6a39de,4
6cadad337,14
c4081a31e,68
6939eb499,14
4c1b8a5c3,4
662f8bc0f,68
50a645c94,16
0e62ddf15,4
88be303e1,72
1f36484d7,48
c145a87d1,4
eea83069a,4
f83e299b4,4
c0a83f8bf,13
d09afd3b0,4
e5ee0be59,103
eb4dbb060,55
13fdfe24d,4
20b97d483,4
400b2bbda,47
62ea468a3,55
2f4c11e66,4
a2606d96b,103
2cdb115b6,47
370fe09fa,4
d6a792c0d,48
54493a1bd,49
f7f45e1d2,48
bbaef0141,4
1f2eca93a,68
7302be7da,55
ce53cea31,48
f88592f94,48
7de7343c3,103
4de97f685,55
edbf64b0b,48
6e3c0fddd,49
6ca8991a6,48
c0de46b28,4
05b14593a,48
bfcb81efc,103
d828c217b,77
558548e53,4
1932af102,48
01555bed7,0
2b5f79660,4
10dee0305,5
8459de1be,68
dbeef740d,4
0679c1097,55
0a9e05e74,4
e40a71ec4,103
0e0caa0a2,4
4ea1d0d52,53
7799eb3ef,48
8fcb4c7e3,16
e161af94b,103
353bf092d,4
a0277cf50,4
8a566296b,91
b1296679d,75
1a2e45581,4
2a7c1dbf3,4
4e792387e,4
c82e8a869,4
653443f38,103
36f02d6c2,96
a97dcebf1,4
ad9a77e7d,4
01492b421,55
0d613de49,48
4f363e9db,4
b52dcfa52,75
793a50bcd,103
58dc520a5,91
234f9781c,49
2a0404164,48
eda20ddee,67
8df7f4638,67
7504b36cf,103
50a1849f4,103
0e9e5a0f0,4
35946cce9,4
d5bb1b0c8,48
9e3425ede,4
466f28358,103
743c74763,4
f84335116,48
4bfdf517d,80
25db0cefa,4
80c048cf1,4
f4c6d5b0d,4
f0f03b04d,103
2618facbd,48
0124e277f,68
7c8c55147,102
c83f746ac,48
896467495,62
38fdf8c81,103
4250ed062,88
e8c49e13f,55
237fe1fb0,55
cb5c98667,103
6bb4e9d41,48
250f30059,103
533d4492a,4
ea7342d9a,103
009b39e15,55
4c4caa583,4
7530384bf,4
dc370d0dd,16
241202d64,72
1a7463151,48
57f357144,103
3052916cc,55
57c754d1c,47
e8612373e,75
37822e7db,70
fc7c304b6,9
90452c872,103
2abdb1c5c,4
5d23a793d,4
f20ae4712,53
c3b24720b,4
39ceb1ff2,103
14ea3ffb9,48
ce5f6dcef,55
ca96ff636,0
44a477145,48
fb9520cef,103
b022bab0f,4
386e40044,14
58ff8f465,49
4d9a5c0d6,103
e48737634,103
fd168583e,4
559dc9594,22
49e871eee,4
165766e9b,103
b4aa13520,12
146463828,103
c4c802142,49
c144ae440,103
5a68d7893,55
6cd161345,4
a8740586a,4
202a8996e,68
a8331323f,4
d9f3637bf,13
8c8ffc7cf,103
316c28a80,40
5ff57970a,91
dd1e506e4,4
7371defc6,4
ad2e27bb5,9
72337a91e,4
99be4bfbc,4
26b8d61ab,91
f8221646b,48
b4d954bdc,103
7dbc5a9f3,103
20a48922b,47
e2cb25f6e,103
754cd2605,49
41beb5c12,55
6dbeff852,55
5252bf766,55
0e8760c38,103
f696ea622,103
18ca651a1,0
689a0fbd7,42
94cf9944d,68
c0f55d16e,68
3dee899f2,88
2e3fc37e5,4
d97f377fe,68
410d24f09,103
f0ca69363,103
485a5ca01,21
f3e315051,48
e0c7c20d8,103
fe590ee52,41
6cf753c72,49
0a4ddf5c2,48
6285f24d7,4
2adebc1b3,4
7827a1d5b,103
3e0dee547,48
d6694bd34,48
3085e18eb,55
4f037af7f,49
5e802f360,103
707ccc2fb,55
d6a1ca6e7,16
6291210cd,103
6bcb5a502,103
13330e605,55
9dc89dc6a,4
9bf7190d6,91
adacc3a94,55
8794f7787,16
74f238044,4
c2a426d70,103
72c2a5cb0,103
0db15a736,21
c67446d52,4
358e5478e,103
301054988,48
3e4825fb2,55
e00aa2535,4
26a9dc162,103
82df3c1b6,45
206b27d1a,103
c5fda34e8,47
dde1f48c9,9
811add27f,68
58605ff84,53
27a95ef27,48
07550addf,7
ad34c1f34,103
60711fbc1,55
5b313549c,103
744730d4a,103
bb0e5dbe4,103
d4610121f,55
dbe581aa8,55
e3e51f37a,4
4cbdaf60c,103
97f545d6b,88
fbc29acc1,4
9eac41e56,4
74fdf6cc8,28
ed43b8e78,55
b1f3717dc,4
a8f945820,48
5633f1101,4
68f48e5f5,103
6182a0538,68
1c1daa6da,48
78f5768d9,49
88d1747a0,4
09ddc01cb,103
21b24a7fd,12
7fd945d34,47
600bcfc2b,28
0b624f751,4
82fdb1afd,103
54281d31a,4
eec53fb8d,4
f789af170,4
c127de43c,4
5da2bfc47,48
8a89d3315,55
0ec8c4296,48
68caf79b9,75
2d0fa50dd,88
0d0202522,103
f7f17ae72,4
abd425a9c,4
5a543e058,49
299e1957c,48
526449d16,16
ab3210eac,75
e91cb4f98,72
4e9ed92fe,48
461f4f5b2,55
df723f46d,68
e14129a0d,4
5a2fb5300,4
f0b002c23,103
29bd0c56d,103
457ef8195,68
be82bd09f,4
78d30a479,4
d53eb8a52,103
5762da038,103
c9c069119,55
f14b84f95,4
9b1d44428,4
15b77ba34,103
b87d8fec4,13
852b5fb74,9
240684145,49
b94381f7b,103
d9004decd,47
6fcd677ac,13
81aae2d9e,103
a7046c744,62
7273b1c6e,4
624d36ae0,68
72b3fdfe8,4
7d2cabb96,4
8f215711b,103
f78d35dfd,103
f250dd64e,4
cd703e25f,48
4d8731d6a,103
b2d489e27,103
33fd32684,53
8a7b93f64,4
46002f8b4,4
007d156b7,55
a9b1f63d0,4
85934f1fd,103
8d6c7ae91,73
377b22380,4
777ef8066,4
8523c7858,4
f29fbbe61,103
6db87048e,103
d6f707315,47
87c39a44d,4
5ecc1c8bc,4
c6492c817,4
0d9ca96d7,68
02040055f,4
61da47774,53
fb4b0daa2,4
218676c6c,55
7b9220d4c,103
c2bc296b9,103
e826a5f20,103
bd9cf6b4e,48
6d789c449,103
a80f444a2,68
4bc218fab,103
e6609d48b,4
26806e9cf,68
527da06dd,48
f4672d1aa,103
8a4293e72,4
b5860475f,16
94693762f,67
d97675b32,4
cb297624d,91
6823dfca4,103
2e4395110,4
f90aea0fd,103
fb8d27d87,80
17ec6d74f,55
e1177c121,48
274f4bd2e,55
cecc8c55b,68
dd959de66,91
bfdf112fe,14
64a27fd4c,72
06ebbb560,103
3b197ec5c,80
15c5a0a46,16
dc2cac36b,55
ed219c7f8,103
0cb8a264e,4
24be941cd,21
715ed2e29,68
c9cb86f46,4
4fd5cd91f,55
657464c72,103
228f748d6,4
e33bff353,4
38ea80b60,68
7ba1904a2,4
31323febb,103
b364e8688,62
01337a0cf,103
ed8f1770c,103
0d5f19588,47
7271d34ab,68
6ff58f465,103
5a5e8deec,4
2688859c7,45
df5a78c3d,103
08a1c14db,48
56f6e9dca,4
db9eca137,16
bf3116d78,50
910b97274,103
affce3819,55
bff69770d,103
65ad58f26,21
e95f725f6,47
ef761a150,52
084919197,4
408fc944b,4
f5ce3d423,55
0523c9801,4
4df899e46,48
3149540a2,52
b4405e586,4
264d83a6c,4
2f4739680,4
0a7989f52,47
5b9de4b19,55
2a94eba93,59
df89c0568,48
1d73dffbc,103
b1d61c023,4
4bf7df629,14
3b39970a2,59
3271ed094,68
7fdb7247e,47
d60582d88,103
977a23c97,49
274009fa1,48
319a4d6d7,68
9a302252a,91
0fdf5073b,68
339430425,68
06006e0c9,47
b23e435d9,55
eb0a53a24,13
1fda84008,103
cf1ad8706,4
67ec88f39,65
c71b3e27d,103
fd2bd5f1e,103
1c92e2b89,7
ad82b1ba6,4
a038cdfb1,103
45162353e,75
2d611a037,103
6b227f122,103
a73efac60,103
ef9591f3f,47
892426d11,59
25405d6c9,68
4f06ca2cd,4
492cb82ee,91
e44a6c4d1,45
8d8da7a3e,55
9c54f2285,4
ea8dfdeb3,96
6abf7f144,56
a6dbbc248,4
e774787e4,103
58a01b39d,7
5b3739564,16
d2b357573,55
ee2b50aed,103
f92de8523,103
a1ecb0622,0
c6ce2c1ae,4
392d70bc1,14
da83fb069,75
e1b63aee0,48
0401b69cc,40
854ca7f47,13
fab2df372,68
135359fe2,103
c78e06bc9,47
723403f38,103
cab155898,48
98ecbe0b3,4
4e6d9fad8,103
e80ddeb7a,103
4d1ef02af,47
b2b4ffcd2,103
0b3a02b48,68
4e686a694,16
501117624,48
fbbd35173,48
0c8b4c597,13
87b9d4bb4,4
07ce81250,47
b319ff6ce,98
7a0cfe114,49
535695fe2,48
f9618eb56,52
497a53f79,103
6a414839c,28
2688f98e3,91
9ec15c151,96
2f0224a9f,4
92e74b080,4
e646d3124,41
27eb5a7ee,55
178290233,103
bfd66b238,68
5bc1ab931,4
99c05f8d5,4
3496823c5,4
534b7cc36,4
2f0b8155a,103
042c90107,96
62a410cbb,4
6f4179bbe,64
da2d9bde4,103
98e5cf2d2,4
9a1c7e11a,48
083c5dcc2,103
b57f67883,91
8cb3a6ba1,4
a8a7882c3,46
22324cd72,28
8e612d36a,103
2ad78f9c2,48
906121480,103
f41d18e37,47
74bb3e711,47
93100914a,4
161a7d556,73
9dcdd11ed,75
44c94e8b0,4
af70c8cc6,48
f5277593f,4
147e5ef99,52
650d157b1,103
05dc093b8,47
08271595e,55
7077a94ce,4
37997c432,49
4565dbe4c,47
40bf06f20,4
0053fa6c4,103
14ad22971,103
1c435d13c,4
f2586d647,4
57cd097ae,73
3accec78a,48
366a3d04f,77
a6e0df6f5,4
dd4a193be,9
2cccd8e5e,48
5ced5d4a8,91
b14b95e77,0
220b46a44,103
6f2bccdac,55
91b98c869,48
87a338501,55
9aa0562f3,103
956392eb6,103
60a51b6b7,49
a622a8c05,55
98dba17d5,55
b2104558a,103
eec3f5ce2,77
81c8c5199,4
a8efc4d66,103
014bc73f0,103
4c9f8b6cb,103
eefdd0431,4
9843c53a6,103
b25179fca,49
31dae2136,103
624d13949,103
a86d3684a,28
360538bb1,103
42ce82871,48
7a90903de,103
049402ee8,68
12b48d46f,55
6308fe124,4
23e50dcaf,55
2fa8f8b85,4
c0f132f35,4
ab218ac50,91
061e6510e,4
04a9517b0,103
308dc8750,103
60ba7e522,47
67714a8d8,4
63de51e03,48
c49cb046d,55
1951c5fbe,91
337c0f7d7,48
7457a241f,48
b1ab363dd,103
e34772216,48
3b71397a9,64
aa12729de,47
5f15c8bd6,4
2deaeb284,70
a7d9f1cdf,103
7e512d140,70
f437c8815,4
95a6fdac6,50
4d761f97e,103
ef0ffb5dc,47
c3c4ea291,4
08516fa85,4
05e218a53,103
2b95366a8,0
d0e21eef7,13
776074cae,103
88e6ef51c,55
43fdb00da,103
e237880ca,103
4181595b9,47
9935f0510,55
c34f2139f,103
48490759b,103
45e6036ff,48
4994522d9,48
b3d9e6b6c,4
a4541b8d1,103
f41acf49a,103
62822763a,4
9debacefe,52
ca0113f84,51
f90c673f8,68
7c3055bc8,55
65bc00f77,55
7fdb2b868,103
6f509e3dd,103
4a2dd1c8f,4
b8e0b2ee2,53
96f729725,4
101970f4e,49
a5988f75e,16
07283a3e1,103
e0b80caf4,4
b840c68bc,4
1c4a00029,53
05c9fcf03,48
c3ae73094,4
5586807d4,48
80acbf30b,103
9d13c547a,9
1d73e26e9,4
656cc827c,64
683ad13b4,4
0bfb74564,70
f97785498,22
ab99925c9,53
cb3ffeb02,4
c429543bc,68
ee2886544,48
bd2e8c9b0,103
92e7e630f,11
700fe6ff1,103
b983a51bd,103
6a0b33f79,52
06ad3fc5c,14
529e8c1cc,4
7b1773554,55
75001ddea,4
333b45bf1,13
8cf4b952c,55
fe737e3b1,55
2184fa6f2,103
b9231d9bd,103
f3d6a27d5,103
d0570b30f,47
71aafc964,48
4fe65e8ba,49
470697d01,62
e56f9fd6f,4
d7d866216,81
18377be3f,103
688223573,47
38c7f43d6,4
011d32580,14
7e3809573,49
b15603bdf,68
7bc968caf,91
9a2fc15d3,13
795083f79,4
6a881ec8b,68
2d8c06a3a,0
2861b1d79,48
30e9b5b6a,68
bce577229,91
63348128c,4
dd754aab9,4
5aafe07bf,4
e8d193a43,4
ed4b21055,13
35396fb82,59
9d9654afd,103
4b781211f,70
00f9d0e97,55
71a787fb9,28
5cd55d54a,4
35bb514f0,4
ce06ee7c4,72
b63ea2bf3,96
358530103,4
577a972a4,103
7e4a5d836,96
51493dac7,28
5ff30ec8b,55
49292d94c,21
f07838a9e,78
0b9841d58,48
ee652c6dc,49
1b0d7769d,88
ca9f22cc1,91
a2f66236c,55
05a32258d,91
02e2f1ca6,52
6f845c04e,4
a3d606459,13
cac40db60,4
940485a6a,103
32a2079ff,49
3bf2347ab,68
289e5b823,55
217fbb923,82
c4c78dc65,103
daa970cd3,67
9643a628b,4
dc7a50dab,68
5940f63c4,13
c615baaa2,4
bea75c9d9,4
45271b9c5,55
2c69b633a,49
c33ac1a9e,4
a0faa7276,103
905ed2774,103
93cdaddc1,47
801d0d3c3,75
4a122e0ad,4
80468179b,48
797ae6066,55
0a159c5f5,103
ebc4dfd8f,4
ee559b5b0,7
7f7c6d039,4
ac7c6ce37,16
4955fcb53,30
3dba2c4ed,22
e3ce14f38,48
26bfb56fa,48
87de4333d,53
9804741b6,47
d93bfff1d,68
b145fd2da,55
3744d58d1,21
babf57037,75
a13beee25,103
63655033a,48
5f813832d,4
698eea745,48
adca067b9,103
664e5c977,55
f2d476916,55
5b45e7a4c,4
d0bb3317d,68
5745b1abc,4
a9c8ee568,4
5536e05ee,49
a567d4a59,103
648319d0a,4
ad6d4b44d,55
68b83ad56,4
00ff2c720,103
cc9db3d3f,49
2a0eb44d2,16
4171d3272,16
0df8316cc,4
c1c4b2105,48
778c53136,55
d4ac640c0,91
0de25d05e,55
9e31cbe3b,67
2461915f8,48
0551c57d5,48
3cd423fb6,47
675e1db7e,48
f33705a47,4
6899ceaca,103
dcdf04ae1,67
3aafc89b3,55
07b2fe99c,48
dfc4c6de0,72
5a0aa798c,48
60c40b083,49
494e86d83,4
d3be0d35d,47
3c87fdc0f,48
05ad9d40c,4
c164f8571,0
c27d7bff9,55
764a3885f,103
03ac6694b,47
46f943627,55
462eb88e2,4
7a552ca1c,48
7aa990232,21
c293ccc31,45
e2480f460,48
f616c93fb,103
d9111ad4b,75
d5628d4df,103
6ab138316,4
3eee745a9,48
4cb8ab033,4
77a43b493,14
288510b49,50
8d2b32b02,53
f35bfd300,45
9a55c6f1b,103
fe1fcc972,48
a7857a9be,48
33948db2d,103
54cebd37f,68
d1b715fc8,4
d90cad151,68
1d8f28be5,4
e96b3436b,103
bca706d7b,103
28bab70cd,103
86f4d84a8,55
d325e5d76,14
d185711fc,48
c83825f6f,4
a99ec466c,47
903bde9b1,49
62a7c181d,103
5a74ce4ab,103
51c386b65,55
23a1a3753,55
78be4d100,14
d9a8f22b3,49
68b41d014,40
5a33b53eb,49
d4f750507,103
10950efeb,103
69239f8e7,13
5b8f09d2d,47
45c11697c,103
f58d7487e,48
69a8e84ba,55
54b444711,21
870b7fc50,48
63d16d8d7,73
5d0017929,91
de847e487,48
f2702f681,103
bf679c82f,9
c9e27d0e3,49
e1bcbc106,52
14a69e3ad,28
a473f26bc,103
46656822b,55
124e119b4,0
c2300272e,103
5da84086e,48
94c8329af,103
d615fd16c,49
4c1941cfc,48
13c92db23,4
f2d41d6c3,4
e576b00a5,21
08263abdb,55
cdedc9d47,68
75eca83b3,103
4d14ae692,48
667c3c161,48
d37745aae,55
4daec49fc,103
7dce481dd,4
1b6242f80,4
da6606b4f,48
4f1f1670a,53
ef9f75d12,4
9ed93a956,59
c832cf426,71
e08032ac1,48
71ee25b79,48
5892ebde8,91
40ebc99bd,4
f0efb6c04,67
f95b41656,40
a84815a9f,4
bd6862590,47
49f972c08,0
4d0ffe92c,68
757541c30,41
dacefb140,4
665bfe8f5,47
9121b3849,48
679f0dac7,103
24aae97eb,73
99c14d554,4
ab0af1000,48
8f01b1034,88
8c434769b,4
654ee7e46,55
edad0d3ee,75
839922a66,48
a6c8a28d6,4
123a13515,4
4925bf95f,48
270611007,55
362fbf850,68
5fccfc9b5,55
211c90566,4
4abe117e7,103
587e44cea,55
c2d8b52f0,91
cd15074d2,0
0c705e746,4
8507d1b5e,78
4c4c216fb,52
a0b262e40,59
374c54182,47
4b648670f,103
afe1e4f66,68
b8bc9b3b2,55
a22110e6d,13
94da0ee7f,102
5e0cdf39d,103
6bd4a7ab4,103
065817704,47
f1177451e,4
cb697da69,103
e730f38fa,48
ade6312b1,103
26c144947,77
e7571886a,4
5c1b0f7ce,4
746f3dd2b,4
d1993c898,4
39e73d88c,55
98033c300,28
776fe6e63,51
b339d0a61,103
3b9e7a8f5,4
725cc0c4a,103
89c19cf37,4
81cabee91,67
7db72601e,4
eb5ed44cb,55
50f72bf43,103
5de25f69a,4
d814f470b,55
1f7554862,13
2fc266682,103
f6820c410,91
30e68f7e7,103
8988c222e,103
e32696dd7,68
317c8b0f1,4
8e5430d77,4
10c4c8d44,103
47aa985a8,48
87a93b8d6,48
af5e2bbd4,4
3bccc9014,30
4bf799dba,103
ca1cef6bb,55
4ac812558,103
4bd6a1f9a,103
fb2b2e956,103
68b3481c2,103
345f66bc8,13
aca9ab734,103
8c6fd0ec8,48
71cc05cc3,103
75540546f,4
7949b71c3,4
13ae95d53,75
ccf2ec80c,4
18d41400e,13
bb0b0e551,47
fe0e1d7c2,68
ecf4c1f5a,103
6c269a2b9,4
df88a9d81,55
b64ae4e8c,4
fc8af9bd9,0
b0c7165ba,103
6d984df89,49
207684fb9,4
c1553af6a,4
1972bae11,4
3eb77db12,103
af2a02abc,4
ac937c18b,4
a3160e2c1,103
fe6991e3d,48
71525c500,103
7a5dfb158,4
00856dfa9,103
e60d19647,88
b2684281f,103
894954440,55
720920606,55
472c84cce,13
6a63a8764,52
8fe181d94,49
613831ee6,4
1d88115ad,103
4fde9d58f,48
09ebedf6a,48
e3c7bb70c,68
4b7b43b7a,80
58ff9dbee,4
6c9aa2460,103
f0a66df4c,103
7d6a2ef07,103
2178a407e,72
d94097494,52
33096a299,103
321437b6c,103
42b92a427,4
38f3a40a5,103
b5cc43bfa,55
1c4ad0e13,0
303979023,103
b7af85f6e,103
be2773579,14
1aa8492a8,0
27ba808dd,4
0cea1df9c,4
3987e3d8c,103
5a80d4beb,80
5a00bf031,48
ff5892e0a,67
4383d6782,68
c7b1fd88a,103
396d20b5d,103
666d25d39,103
826712f91,103
3dc7bb76a,40
6251c33ea,88
0c548045a,103
5bae6010f,4
b39cc3832,9
a5c3359e5,4
377c89e04,103
a6e627c10,4
eed32e9a6,4
903ae9a2b,103
5d3cac88b,4
f353716f8,68
d2277f8e6,4
059ea5059,9
f6482ab55,4
6f84aa228,68
dca3a0787,68
026d342fe,103
54cd18535,53
5464a7e4b,103
450d37a38,59
548a35991,48
9ba782fba,48
967c6bf80,4
653ee9b0b,4
8a48a97f2,16
288d4365e,77
bc8917394,4
282419eda,4
9a513b251,4
fef98a71f,55
7d2f35248,103
35a08a010,4
f09cc7902,64
2d8716e8b,103
8a693ad10,4
de261e169,4
eda07476f,68
4dde25dfa,16
73f18defc,4
36a261537,9
e5bc365d0,45
7b1267e49,55
cd053695f,103
3505d54bf,49
f421c6ffc,73
878e5d725,48
c223fc7dd,103
0fa462f68,103
f50280136,103
e611f94be,4
965dfff6a,103
1baa33eaf,55
0d3269c35,4
89f46bec2,103
7b566ed00,4
8cc1fc2f6,103
69e822cce,53
a1cce28af,45
132ebe116,4
0a73725b6,103
f096291b7,4
477aa8655,68
500c28291,48
3267460df,48
db8b6aeda,103
f80c8bbf5,24
af4873fe3,48
a6db0754e,13
36a638215,48
4078e0b39,50
9e9f2f914,103
6b132a6ca,48
2772dab8f,4
3224015a6,4
8afe59d10,103
5b1892dfb,83
0e6cad3b3,45
fbfd9cd87,81
2a872a9ef,16
b3541d83a,45
eae09f119,103
9e07d0aad,103
329d815e5,103
11300f71f,49
5bcf739c3,45
4948e3ecd,47
d16d34784,4
14453eb64,4
f0c153cfd,48
5771f876a,49
fb223c3be,53
1984a614c,55
dbff9bca9,77
2ccf28e9f,4
943eef63e,103
59265d2fa,4
f347c4666,48
a73af3677,103
1d1f028b2,55
13166036e,48
e1a0d5f24,103
b33fe8ed7,103
9732ad4dc,103
347c449c8,96
e722a8f86,28
fd34d7c8b,55
3f315b0cc,103
3db6ed179,103
1f3e62b48,4
c4970c739,4
c46b163d8,48
07f8cc8ca,48
84fece524,52
74973ce69,41
0d989f57f,48
eeeb6b66a,45
6afc9ee54,48
6cbca5559,41
3cbacf373,103
38331a6e7,55
9ce1a30b6,67
d169dad5d,59
de882d4e8,4
9824cd034,48
1394e9ef2,103
38faa7eb9,55
5de6bcf29,45
f83f81e9c,68
38b929b8d,16
79686d60a,103
26a59215c,4
4dbc5fc3c,103
a16bdddf1,48
1b54ef9a0,4
bbc846996,47
398744450,103
dbff359cb,4
150643baf,4
7d9caf815,4
cefe64b4f,4
e9564dc47,68
9428dd133,48
e1494fbde,48
e69fde9d7,4
afac3a5b7,48
348bfc268,4
598a1c3d9,68
46290bd98,91
c07cac3dd,4
f2809517f,59
4b4d2a0b9,80
768bf1fe7,103
1fe3921d9,103
fa53d140b,103
400353bac,103
408b2d234,45
996a4ac53,48
ba4caa600,49
328aba75f,47
216703083,4
3c4dd2705,68
842297200,40
e3efeee68,68
092187ff7,4
dde25205a,48
65d14bd99,4
9faca65ce,4
20e16a0b1,78
4f49753d3,103
bc199fa70,55
65ad21fda,4
22cef13f0,103
29026b0a6,103
3ca2ee97f,91
7d6edd6f1,48
c2fe4e836,103
894eeb28d,13
d2a45014c,103
88f6fd6e4,4
75ef86e19,55
20aea9077,88
7be2867e1,4
2b7cf3253,47
7247cc6b3,103
1cb8e917f,67
8e1e85931,40
2c009b580,103
171d91683,68
bed5e7833,103
527fe834f,16
d14992eb2,72
245d80d97,4
6581fb5fb,103
31fd82f08,103
ce17d08ea,103
9d8d14332,55
54c0482ce,45
ae6e725ee,4
648d6e1c9,21
c36c6ab5a,4
58ede4d43,55
6009ca42c,4
8daf31854,103
486ddc6d6,75
22adafc7d,16
c0fb3bed8,77
35dbda91b,49
94e8795c1,103
cc055150c,103
14be34092,16
61f976a63,68
3a29db605,16
73d138dbe,28
3b59b7879,16
65d4e9994,4
5ba637a6f,59
2c4213574,55
69dcb9a3b,4
f61465618,46
9d624affc,103
8816f311a,4
587e9b784,55
c5f4134e0,102
ad85435d5,4
0509887de,48
36be47274,4
c0654d4f5,68
27391414f,103
54f09b0b4,4
0510cce3f,103
6ab2a7198,55
e41a75354,16
d83b8cc1f,4
111223138,59
003882deb,13
faa0dd647,16
8b8836103,45
15a4485d5,48
8cf5bf4df,82
b651d313e,4
7b38f9919,48
95f9e2bd3,13
462e25ba9,4
9e4d41ad4,103
0315a723c,53
eb09ff6cb,98
55b323b0c,16
1b4beb2ee,4
861f2c9c1,4
3469925a7,4
e8746af68,49
db65aac8a,55
abf7ceca6,4
6fe85feee,48
3b3341edb,22
04f9e9721,49
7a8a88b42,103
f80b1c8c1,75
fae67c6fb,24
50fcaf0ed,103
6f03f9497,103
da2d31c98,4
4dfdf7a8c,98
3d7e6922e,91
e94327a54,59
4b8fe9f3f,48
8f9a206cd,68
1b3705cfe,4
a8b29edd7,103
1e73b74aa,103
483a8e2d8,55
b4a235b93,13
d1eebfd7a,103
c8f0b4717,68
bcbb5c787,103
7eaff7aff,53
be3873f5d,4
b137658ab,4
0f25f79f8,4
e3beb7e77,91
15ec03f5e,47
fb41fa092,22
e72d6bcc9,4
d43d8c9d8,4
5d06b5c76,52
317b22963,55
57a2e8995,48
ef65f22fb,4
98fae1d61,4
8b11c130a,49
692cfa850,4
8b15247f7,48
2f460d807,4
2cf137648,4
4a5d43a96,9
473db5fc1,47
e1d159561,93
b3b55322c,55
c162978be,91
9942a5424,4
2b8f0ac5d,4
7927ce9c6,103
aeaf5ccbb,68
088864629,103
850acae7e,103
5e0da2b1f,4
a67c5bc5b,53
7b151e3d1,72
bbf51ba25,9
0d7c08885,103
0087eeefc,88
4fd8099de,55
eda9f61b8,103
0d8d7ecde,49
ec40512de,91
eee191638,103
d8076fc39,65
92cf0e905,40
00c12e4ff,49
cbe14bd98,48
9b9e080c5,55
4c742de40,4
57ca642dd,55
25faa6813,103
1eb8876a9,78
f3a75828c,55
c1ed4ef6e,68
706729fd6,4
15ca2c59d,4
ed55919e7,4
53c6c23b1,4
824eae734,48
e8993867e,16
ba32fd161,75
b04f7be54,24
fba0bb7e1,68
ba757db32,0
1f937e111,55
07aad3ba6,55
e210dc4ed,103
5078ff4b8,55
ed91bd814,48
ed601a04f,13
bd612f053,4
649dd8ff0,47
600f01e91,4
813efb8b3,103
f5c310736,103
d3ba42b8a,4
5ce48d24d,103
da9ed562f,103
11b363237,48
4cf202ebb,48
7dcf1e590,4
0bb9c3f30,4
f56efef52,103
bcde05c42,103
7a6ba7fc8,68
a68584f39,4
707178bf0,103
808071b96,55
0e3f76f4b,48
c8c88493b,103
6e7b8fa3b,55
72b64a25f,55
03e5f5846,55
329793680,68
161acbde6,4
a991b14c8,4
0d9e342f6,4
a66f7bbc6,4
43975ba66,4
ddd367d19,4
5b646246a,4
298cf5bb5,48
d123bd691,103
cb26ab8e1,103
28dd39f92,103
0b8824c7a,21
ae78a372a,48
5c8d0266e,82
f3ee3f7ef,103
fbfd88b1c,9
f029a3429,48
e82bb0f6b,47
08b4c02fe,4
f7ad645eb,103
d69c942d9,40
f36c00407,4
fe75697b0,4
dc0f9b59d,48
a40c5b66d,62
c1c26f4ec,48
d0cc62751,48
5228fb3fa,88
7223d356c,103
240e151af,48
02c52b451,48
2449b5518,103
be06b31f4,48
f7034380f,48
b65acd50b,103
a8b46288f,70
092be0405,55
d51f2e142,45
a7eb19305,73
9caf3507d,46
0bc95b595,4
f557afe91,103
d5c5cde4d,103
7eba030d5,4
7ae791f04,4
eaa6a3f7f,103
d5888b919,4
61b1040d7,47
68cd38577,0
f6ec8db9e,103
5e5acfa07,4
6233d3e01,76
98077910f,16
abcdf9705,47
20563ebbc,103
7b7cce651,48
1fa3035ed,90
840f3bd46,103
931cd1858,48
27e7900b8,4
6550b53ba,4
1ca8e07c2,4
26d1c3498,103
a2d9d460e,4
86c0fdb4c,55
3288217e1,55
fd7cd952e,103
55a2149cb,47
23620cfdf,4
d1b0f75fc,4
9c1fca4fe,68
35aa8898b,4
973172c57,102
0d0b4631c,55
33d008671,4
a167a159e,4
d9bc877f9,103
22cecb30b,4
8b5155f07,48
029c37998,22
c298d16b3,4
37a4efb7a,48
075602d66,103
6e7629a9b,4
1446df348,4
50f97c747,48
0a825b67a,49
f40dffb83,48
d55497abb,102
8c7c3dbb2,48
9ec91d6b5,48
789f0394a,103
bf4c39972,4
3510270ee,55
7796dda43,55
805e9a7b0,4
6a29fea52,55
2d1ee50cd,68
fb61eca01,77
5235c6c53,103
4ed9720ea,102
b8e1080ce,68
cac4474ff,24
edc3e9332,0
f98f94bac,4
9de211ea5,9
e8636b839,48
d19fb376e,48
4a14dd513,4
ac79edae6,16
a6e295583,68
e1e5687f0,4
e4cac2e07,67
d4bfe24fb,48
e67454090,62
9c73592f0,4
3127f8637,4
77f19a3b9,103
30d9b6204,91
74c97189e,4
1beb08caf,4
0b1605a22,47
cb8786391,4
5e56f69f6,68
04e0d362e,12
a05c1a9e2,103
516ef6822,75
f509e2cff,4
dc5ba9ff5,55
8ef339ee7,67
32c22cba6,68
29a02c757,4
345b6fc68,48
a9a93e3a0,91
cb4330abd,78
6baede1f3,55
a1e81894c,4
a853842c0,45
4d0d04ec2,4
adad9bef9,91
ef68e319a,4
a6ec0a798,103
b909de36d,68
9d051fef4,4
eb0d37eab,103
4249b8e73,76
2ae7f866e,47
9aea1d3b4,91
20079ffd6,4
8d729fb61,28
2acaabdf6,4
6f50f7647,55
98320c076,103
582dd5eb1,103
688759258,67
f01658320,4
bc45792c0,103
4aea86d3c,4
bcd77e220,5
582a4afd0,68
3f39dac7f,96
9390e29ac,47
c8349d602,9
2ae85b034,40
7fc99345f,98
fb745f800,103
d0bd30dd2,4
dfd66382a,103
268c2e415,103
3655fe917,30
275952360,28
6d8ba2cf9,55
0dac4246a,96
dda771b4a,11
0835292c7,4
5f8f53f23,90
69930f05d,4
7a2a38d8f,28
c82045295,12
2ad779d27,4
05bd91dd4,103
16e29883d,103
8a904fdea,103
39090147b,4
bc62cedd8,14
aff590876,47
478fd662e,13
2a9af9154,4
958e9761b,103
9fe8be4ac,75
2f57d711b,4
6dbf25622,103
97beecd94,48
343f4db58,4
416b038b2,4
e3b9acc43,4
d3ccdf536,14
192bbbbda,4
8eff39ec2,4
39c56af7c,48
b796fe951,49
c8ff3649a,68
27178e6d0,77
7db7456c8,4
eed18198c,48
b80ea5db7,47
a5eab308b,55
30bfe5b05,103
5b9059868,103
d3ad608e8,55
d702d0c15,55
3a01c3e88,103
4e43a75b1,68
a114ff305,86
f68529efb,4
a6105941f,67
52178db26,103
487fc089f,103
7c3e5c00d,4
006afe0ef,103
5f22d82a2,68
cca529347,4
0847f61d9,55
3231b476a,68
cd009e1a0,4
92d447000,46
19b1f6ed1,55
a9f3ec5aa,62
ea72034f5,48
c38884c9c,103
74cb419cb,4
35faa30eb,45
f2a97a3bf,75
88f935ebe,55
645e0448d,68
93efa8927,4
0208143a9,4
a235500d0,4
609230590,103
2e211accd,68
f85f090f3,4
06846ff3d,103
1559449c3,55
868f3ca31,103
c86b6ee78,28
2afecec3c,55
d5e4303b9,91
ca875ed6d,4
1344e985d,55
89085d10b,62
5e5672257,103
a425fc6a7,48
7d825a631,55
012f05d4c,4
d57064ac3,50
15bcf0bc5,88
437e2a9cf,53
a02dbf1a3,16
5ccc5c940,103
ca2cc5375,4
4f02105f5,103
297d94118,103
165ca8a81,55
74c86dc94,103
027ff9d9e,103
3a456593e,103
9fab84e7c,103
bce769fa0,13
b70a1ef51,68
6fd250f15,103
9d65f5961,68
54eb01070,16
1914b6245,4
ae3a8a68d,13
b9a6f2dab,4
5fed86a73,103
352d983b1,16
cb05fa534,68
467a87b6e,14
aa6a116bf,70
6d00d0707,62
8735b4ed7,49
db4a05f64,62
7b63ffb33,49
e6c7eecab,103
4fe780b27,4
ec15f805f,103
1eb6f22d5,48
1161f79f4,91
d01f39daf,0
26b07058c,55
15442a507,5
fee2ad37f,4
39a628cff,62
e15365337,55
0de5f6578,55
661e5ee1c,103
8d4ecada4,55
9db76cdc8,55
a546be8e9,4
4b69e4daa,70
7ea4fd1e7,103
6f6009530,28
154f5a75b,4
27c74d8a8,55
c67210c70,4
f563b8f1b,103
02821f581,103
ab473d0fb,49
1ef078208,91
6d75535dd,16
5aeca7ba2,72
87ad47626,4
946f97527,103
6e0843d38,49
22207b7e5,55
5bdd76ad6,103
7ce82e1a4,73
8c026ccfa,68
52491f753,103
675aad8ff,13
47e7d602c,4
a645ada8e,103
a81b149d6,0
dce29c03a,4
aa063d915,4
1ac744f9f,48
c511b01f1,55
e2ef28251,75
3b6e2c5c2,4
23f960bbc,52
2a5d624ae,4
93e1b1b57,103
4b4223c92,0
b45b3f474,55
cdcb45570,55
f66e3a446,103
c25141a41,4
485e088fd,49
29d710a29,103
39902d722,59
75bb87271,103
b41fe0aae,103
d2dc27a1c,4
e8a5b6337,103
8fc8e6925,103
539e41e9d,4
8b4182aa1,4
be2c310d5,93
27753debd,4
6ea1e9ac0,55
7b38952f6,68
58df72bc0,4
9ca5d93d0,4
1153cf999,103
77628c813,68
c571990d4,16
c6baa2b95,48
40c67cca4,47
c16dd6692,4
90db97153,4
aec05dfaf,4
92d56d30f,30
8e96d5481,0
1770a3955,103
e00cdee28,16
abaee2413,103
12fdb3200,91
c359190d8,4
71d39517b,103
cb1fa5404,49
e87c94e9b,55
76c56dda7,4
b466a17e8,16
0f58c281a,62
c36b30d62,49
0a5f90dd1,103
f8d2fe6e2,45
ddb84d9ab,55
2ce2f09d3,4
52592a2ab,47
5a5fbb94d,47
0e5ddc603,4
f1b51e257,62
789e0279f,103
2c3a35bfd,4
505515f6b,47
94c53b0c3,55
149d11de6,48
828abe04c,13
48b580700,68
a8c934e35,4
41eb38ad4,55
b5ac11272,88
4c4a8848a,55
a6672b875,55
4e3b3b3cd,103
18e22af9d,48
79245d0e9,103
929ac8834,48
25b587ccf,4
7cac453ad,91
9fe3b171a,4
8ca2371d5,4
138275e36,55
d18ee118e,103
b1fd7a2a2,48
c39bb3b9f,55
339153138,48
5bd9a3483,16
ae5333fa6,48
140c059f2,55
a3fdd2210,4
334118e8f,4
76ad6cdd7,55
baf415f07,72
4e8b618c7,48
a2d7f197c,103
0a399baa5,4
c8b1673ca,4
6a22f0ccf,65
a9a679316,103
0fd1b5059,4
8f029f975,4
b507ebc7c,103
92025e489,28
c624f43f9,103
5eb156e33,4
6326ba8d9,48
8e70982a4,55
79c44e828,103
a007c4ce7,103
2b71757d7,16
d6fba1863,53
42dc18525,68
7c2f23622,103
9b8caede3,4
742ca771a,103
3088361cd,48
6aa4095a3,103
40daf3243,91
9360afb8b,9
c77c99cfa,49
16c7a397f,48
d007caae7,91
79a025018,4
da0416b3b,13
14024c433,55
edc4d0f73,80
ce2335977,4
43ccfd5e2,4
bfcedb4e7,55
564305f6f,4
d77fa0d2f,4
1749a6a95,103
6201345ad,53
3e7922328,9
1e91a06c4,48
b9fb3d0cb,4
e958b63e2,48
657a2302f,55
67e65b379,103
bc2795b7c,48
0fdb2e372,103
27c66fcb0,47
d2ce72fe0,103
8a361b630,103
1d1b18d38,103
c337a455d,103
75d3452c1,67
dd7f0f72d,4
b4f324422,4
bbce1172c,4
ae2864464,55
8b85ecabc,103
f8eb6ec7c,4
046b83571,4
29040ce6b,4
500ac8bc6,28
b448720a0,62
b382fd54c,55
dbe5bf31d,47
51f6d891d,4
474219bf8,4
084527620,4
3b8fc5371,4
e0f242a92,103
2e36d4f93,62
100c6474a,103
350c32674,4
9db94c1aa,88
423c62bbd,103
4e3f96c83,4
d39e4ad87,4
bfda38c44,48
cf087fd47,47
b30c2d7fb,4
14d3647ae,73
6c7e15c23,47
bfb86b915,4
e178e1fbb,4
24261e7f3,48
e9a190503,72
0f340c3cf,47
83a004123,4
b7ff1634e,48
4d41db87f,4
6d2e2b6a2,4
2212d47f2,48
9f447b11f,103
4244d98b7,4
3ba519bb8,103
e9294bac5,48
2c73bd62a,103
43b2ec735,4
d503d72f3,91
504495975,49
7bba13923,75
c2a78ef27,48
ce7f9e0a0,103
c63f5d38c,103
5a4014213,55
2bf69c9a8,103
2bc5a1d42,68
4181451b5,48
657d7b6d3,75
e7bda0661,103
2406dc526,4
2d6826d81,4
4091cbb29,4
ab54ef65b,91
347f41bd1,4
6c80cfb8c,4
791899b46,4
832bbc430,4
ba9e2d304,47
61d566521,47
e1f45be9f,14
5857637b3,103
a11918aa3,53
6c52831b1,4
0bd70c4ae,103
212497b97,93
d01d8d2fd,45
0c4cc8319,13
0608f2ec0,4
925f36b79,91
d493e1205,4
aab3a2289,28
6841f21d2,4
501396f2e,62
b4eb26098,48
e4e16eb70,103
bce37c882,91
978697ad4,103
92c92500a,103
c081f5b7f,55
f6f0e3d49,55
1d0cc3798,55
a1d2cd9b9,103
d4afbe85d,13
a7ab2ef02,53
0787857e3,91
4f855f8ce,55
557117401,103
ec53bc088,68
79bf0f076,68
23b33fd15,103
967133383,68
9c477d377,4
c9e727ec7,4
007455d6a,16
3aff0dc0d,4
ba763e4ad,103
9333ee3f5,103
f2defaf74,4
fe6889fe9,103
2e478a3cb,103
f49141ac9,49
53cf1033d,4
3daf5597b,103
999be9923,48
1c8c53577,4
aeb2bab6c,68
54454ed83,103
976379adf,68
fc4e90060,14
acd61abf2,68
d08fafe17,55
2367b5056,102
42105b5fb,48
23e9b2025,91
e71ef6701,4
b5fd14fbf,68
0e1fdb95a,49
a7f1fb92f,4
ca53ebc3c,55
bcb73b724,55
0210ba20b,103
9eea9316b,4
1aebb60d1,0
93f493575,48
4ce9bc001,48
9b3779536,4
ef26ad662,91
cf192fc6a,48
3f36a62d5,98
b687e4bd9,4
035d2bcd9,68
528c13be5,4
a7088bd2f,53
0dffe81ea,4
87fde6edd,22
24032b382,4
5ff71b40e,13
7c1a6e1f0,48
c3ecbced7,14
719aed16d,103
a8bf527dd,103
1157fe26d,72
761340c6d,4
e8c36457a,55
2c9dc020d,4
fd5eb7e8c,4
5eab13f01,48
74eb03c19,103
cd4179139,4
5e2692d15,68
bda7820cb,49
eaddf667a,4
f458034d1,103
7775f87f5,4
3bfb94587,68
8924dae8a,48
3db5a2d90,48
c7827133b,103
5ec4acbb4,4
1c5a3287d,103
b7ecbd370,103
2c670a497,4
4ae7d6827,4
4a506053f,4
d375ebc76,48
c7ab8e645,48
ca8726968,48
d9af9a571,48
973cdaffe,4
ab8add1c1,77
ddbf2eac2,90
16e7f18d3,88
d98cbb36f,103
b390e248d,103
d98e07837,72
db9c84b18,103
da76579e7,68
98b1475af,48
7d1794961,47
f938b8711,103
79cde037e,4
1fb27e305,55
bcd08a7dc,4
fdf659ef5,75
cfe74bfdf,103
7d7b3950b,48
cbbe148a1,103
34baaa6cb,4
85aeffc62,103
cebf5375e,0
da3a23d4c,49
93e296cef,4
96112131f,48
3526d7815,103
950a866ca,4
bf16e0cb8,49
5d426c1bf,48
53cd52d9a,4
a5ae66568,4
a939e29d9,103
49f2ca2d6,13
ac114952e,103
29d87bc0c,103
509741eb1,4
c3d03598b,91
fc354c0c0,68
dcab7fc67,103
a11b09e07,4
40d992dc1,72
6433f1917,4
3f36f3f32,0
85c997028,103
a025436a1,55
867374cad,103
49add67af,103
df16e4771,40
a77db045e,4
455c7b67d,4
605131c3a,47
67810173a,103
155727e57,55
35372e4f4,103
0c288213f,47
70e87c482,55
3bef19347,48
34438649b,55
b41a52def,14
557900fde,103
91fae734e,4
c357e5a70,103
8a18b9699,4
a078d515d,74
4f756f230,103
d8ca58a4c,55
82dd63dbb,103
f1b4ba5bf,40
aaf781d34,51
d96704410,55
ade9181a5,91
ec53f72bb,48
99b3a15e5,91
3feba0f46,55
8303a6784,103
e33d3b318,4
7560dda12,48
127e61a47,62
b764d3dd7,55
2c8530a58,40
ff02d53d8,103
2a98afbbb,103
f314ed416,103
829bcc49e,103
0bc02eae2,4
19e44b02f,4
3ed70f179,4
2994ca253,103
a1f8b0936,21
c12330d34,48
1e2c7b899,4
3acfb71f1,4
2b403205a,48
156c0950f,70
9dbd813fd,0
e27e698bf,48
8b2940362,4
5b69d3121,55
50fe6ebcd,4
a810efddc,48
30964e186,4
3c3316506,4
b96a82543,4
82a14f17f,78
56737d31f,4
9ae160f11,103
d8a5ce5ff,48
523dfab06,103
441472ae6,47
6eeec13c3,4
f4fee0e27,103
ec51d8607,103
7d5a95675,4
c323bee87,28
08a7d77fa,55
16810b3aa,16
80b87cc06,49
87827d39e,103
393b7dc05,48
8559d49e6,55
4612e397b,4
ea602cdc8,14
3c401022c,55
d8d29bcf8,103
1ba32dd82,48
5e45c97c9,4
8eb564814,48
3b2fe5739,48
6143c21f2,103
c18fddc3d,48
d445b47b7,78
e6171fa85,4
64327e651,46
ba9fa9f30,49
cde20b1b5,4
9aa2210df,55
a7b95dad7,103
92782ef45,49
6d7b4a632,48
f2a6cb1f9,4
49f7cdb45,62
fc3f3fa1f,28
ce934c0dc,55
c16bd5262,45
d34ac237a,4
ee705e49b,68
a97f64861,16
155c1e966,68
1a4dc4b2f,103
dd4899180,103
2f5064517,77
b1adced44,48
77d850f7e,103
9944acf36,68
543a799bf,55
b82a2a3d4,48
c11e44cde,16
04cbe7a50,4
53f3609ad,103
600da56b9,72
3ca06eba6,103
7bed881d2,103
0ac5ebf0e,55
37fdec841,4
771b14071,68
07be81d64,4
e9c5f7cd1,48
35e005ed6,4
1b474b251,4
3f7fa081c,103
bfa9dec26,4
5a33a8adb,4
278e2fa12,16
df38bb8b2,28
f247862ee,103
532e6c637,53
df4ae0415,4
c9dcff9ef,103
fc4486b5e,103
bc83dd474,91
e96d15acd,68
b6bc88c1f,103
38f6562a3,4
79522023e,48
2bec0d2ea,4
45a702ee8,48
e46dce22e,55
6f9686457,53
49f864fe9,55
b56ccfec7,48
f9b3f2991,4
b2d3bbf61,68
8253629c8,48
657a4ea19,46
4500b8a44,4
5134a2245,103
19bcd7864,103
c58d1fe16,72
04da4955d,75
8b423a167,16
ada0d1354,103
92a289926,68
f7457839f,55
9409f8d69,55
702b7fc70,103
577793268,103
5954098e3,4
8098272f9,4
d8136729e,55
8a428ab24,48
8899c2050,13
5ab25460a,47
eda0c70e5,55
b3411ee1d,48
01f76a519,4
d3f044336,49
9154cfc20,68
78bd1cad3,0
1a2ba059a,48
67873d67d,103
bada5fd0d,4
e9178e294,4
8261e8f5b,4
49f98b25a,55
d779dbe77,47
23ee9f44b,55
98de1be5f,4
f3c88b910,67
586868059,78
6ebdc31d7,48
4af75b596,4
8cb48a7e4,4
f552eaaed,103
cc98ccc8d,4
45093c3fd,4
117122b38,72
f4f248df9,48
516a450b7,103
e2e8f7c06,80
a155b0167,4
a6ff6f81a,55
266776fdd,102
5629fc992,103
8c0995d82,7
96b039170,48
4de9ab35b,48
36c06efe6,75
7e58b251b,103
83c2057bc,55
92aea1584,103
a781c6147,73
e1f2ff623,103
86935b0d7,46
536842c4b,91
cb3bdf3e7,4
ff5fdbd84,13
d0989eec5,4
89e7620ff,48
7f9351c2d,49
401730197,4
8d9185540,47
12eb5dc94,4
e8a6ceac5,4
2f8b40852,103
2a18f7ed4,68
d81c315b3,48
1886b234a,4
1aacc5bb7,48
137107106,103
f93b17627,47
8ab8cb727,12
330cc9d05,103
af6ccfeca,91
3a49d5a25,4
4ddf168de,103
7046567c4,68
70c95a76c,67
ed7123e07,55
187ba6ef0,103
925de0d45,103
0950aa4c0,51
3dd3823ba,14
53fb48abe,16
a3535e355,48
8fa0abb21,103
5233ee8fe,45
31750199b,4
b59846a6c,4
517ed388b,67
25a24e8b6,103
d31117d38,4
f94013d99,80
2d17418c3,68
db735ff57,4
8f4a554f2,68
fe1615399,68
c1d072b0f,4
4434ef42e,55
a42065058,103
bd1b3d191,91
cc599caf1,4
5d17abe47,55
1f21ecd18,4
500cf0ed3,91
8e07336d7,47
1474acef0,103
5c5a534e3,103
9881c6363,48
37885d3c0,13
b26f33224,4
67a25ece3,103
b80695478,103
d9e1e54c4,4
e64bd2b5f,48
fab4eca91,103
0862d460f,55
a8e11ba37,4
0905820a2,4
58dbde095,65
a7bb097c3,4
53cc94634,103
2080c5234,4
2623d36fe,4
641ae8aa0,68
0dd4bac89,103
213cea039,40
b187b258b,103
c90a12d27,7
531165006,103
8967f7f3b,103
909b6223b,4
61e87e199,55
ba9e184b1,4
b5fdbbd19,55
2ee9ba725,103
522ea009b,103
656c8e1a0,4
f4db33d12,48
d0ee253f0,67
2313d0e1c,55
b78fc427d,4
381bc1702,41
d8f9c9f6f,0
1e71b66ad,55
f73a6bda6,4
fe195b05f,0
725611911,48
1a751ac8b,55
8701aa4ff,4
74a2503cd,4
ab254cf0a,55
c3bf03c46,73
600693e8f,103
39f2c9f4a,103
906ed5d8d,55
bdccd8d94,53
38235ae21,49
e20191edf,91
007258826,48
d376c4365,55
27aa48f60,91
21a0ef857,21
0e1199571,4
266ae8451,4
d45c77b42,47
60372c4bb,4
ddaef039b,55
7db900a9f,55
18b1c8787,103
f6f80e6cd,103
5d4d774bb,49
7bfaa6c93,4
8da1e9ab2,47
0501292e5,28
ece8721cd,48
4bc167a81,4
8d4598be0,48
cb80e17f2,55
a8d7d90ae,4
e71ab3905,47
f1e56842d,55
6d822303c,14
7d540187a,103
51d6b9846,53
7af25ae57,68
0d5832dd0,55
8b4b27e9e,48
ba2d603c3,103
9167143fd,48
114c7355e,4
61e0f377c,67
988f93442,4
544ba8771,4
9367b53dc,4
812b38844,103
491331146,48
1eabd5622,91
01863f6d7,49
1d24f052a,103
8c0e403af,13
a9eaae137,103
696a13525,103
dcf4672c6,14
46ef787fb,68
bd4976820,4
29a77c458,13
69c63b4fd,67
7cb07f8df,55
209e45144,49
471609fe8,47
8226b3a56,103
263d09ca7,4
fbae2fb1a,62
17f8af701,4
a670f0c43,68
da0fc52e5,103
c548502c7,4
232ad11f4,4
ae2b1bed4,50
ccc54a4f5,48
8e59ed760,103
ab5f64570,13
ff264d2db,4
5acae87e6,4
8e6591362,103
086d87731,4
139b1d751,48
bd0d92568,68
230302d1d,4
fb87ee5a3,48
7e517b238,22
3758eaf1d,16
4415b68f2,103
16f9971d1,48
56bb538b2,96
ee83eaa8f,103
ce028c60d,46
bf4bc1677,103
8dbbf9d19,103
7fccc20cd,103
a0d752238,50
261838dd1,55
b0b2364f5,68
fe2c0a711,4
530bde853,55
4d4c87a41,94
4d05e9395,68
9fe09edeb,93
ce434f86b,70
8fc000b1f,4
1837b91e3,55
7eb7812ba,4
c5fdb2459,13
cd88f6d4a,28
3af4c8105,103
6d233727e,48
d70fac2cf,68
67fa9ad3f,4
8ce0043be,48
c18a20c3d,47
563c9008d,4
1fea6253b,4
7683668d8,48
f83823a7e,103
b2662c86e,103
6cf44ae8e,55
48fb56f39,49
afcddfdcd,4
c1c3919f0,4
00d32bef1,103
4a9f824f6,4
c3432750a,4
315a148f3,0
f8bffd3d7,103
3ebeb5ac6,91
4a41ae5e8,4
0fedbbf5f,4
0fc65150e,47
6896dbe36,4
f16b7e08b,9
ddc1eacff,4
f8db20c1f,95
bd1dbe4ca,53
c6cd3ac47,75
359c8a8bf,50
7e8b191e8,68
bfd311430,4
b1066d5b5,65
3070b77cf,55
d0a99b293,4
e3d055215,4
e964c6dcd,55
151b27a24,67
48b84677d,4
5153e1522,13
f3e1244ca,48
83bb94c90,52
aa4f36f71,4
48b37a43a,4
136b3c7b2,47
288772300,49
14e124c03,4
8e55f2268,48
a324dcaed,55
28f52a866,52
5e287a0e3,103
1fb364cd2,103
e69beeff1,9
4479d35f0,55
0fea673a3,4
66d3a82e2,103
a4841f6e7,68
015a601e3,47
54296cd42,88
1336ca52d,45
f2aefc6cf,93
8fbcbbcb5,16
79c1a3d97,55
9f4b942ff,13
f8da03f7a,4
d0f992c31,45
c980fa8a5,4
d8c46cf4b,47
2309219de,55
3a1396fa3,55
41a1ca700,96
15ef197c6,103
0e3a60b3f,48
4cf4ac658,4
ee41c42cc,68
99776d4df,52
eb7854187,4
dc53769ad,88
5eb9825ce,103
146fc86a4,103
035e7fa21,68
151e1bb21,49
9eaf1170e,4
565242c3b,68
d08be28c6,48
8ecdad441,103
4374d5272,4
5c6e09f5b,13
bca2de14e,103
3a9ac1cd1,4
551f3af3f,48
661307d74,49
39e40cdd6,4
30e522542,103
8eb64dc4d,103
fec3fbd0f,4
4f21ae7b6,48
d7e737749,4
f302f29a2,55
eea95e8a8,103
c0e30a258,48
fc85dadd3,68
92ec435fc,47
c17b6ab8f,55
bba2d82cc,72
9f5dfd81d,4
a673ada99,53
35311eba4,91
ce136eb7d,4
4b6dff5e4,91
afa3fc6ce,45
60d83cd0c,48
4e99c537e,4
dc9af495b,13
78a91fc04,103
20cbfadeb,48
6473786a6,103
3856fdbd7,4
d28273036,74
27dc84ff6,103
02eea69ff,48
6016dd857,68
6aefb94a6,4
a8ba067d1,103
857250508,103
34589c202,103
f0de6586c,4
a249400b4,4
0bc95f66e,68
185f4651e,82
d852da76f,102
c3bcd37c1,67
6d8432929,49
186a8ff9c,68
a31e545e0,4
f3300dab1,103
909ea73fd,103
6896b5c5a,47
99263d818,4
8fa8ee1c5,21
372ad684a,4
9b40a0513,47
e240c69a0,48
1989da31f,4
dede702d8,103
032ca1556,4
9b7ad01b5,48
8c5ae49a8,68
b6ef5389e,103
e78504c82,48
5cc2f95e9,55
8d4c9f88e,103
a7c42fdb2,49
b6203cd3a,48
efe50806b,91
d39b5658a,48
d0b1e24e9,41
df3b6edcf,4
459ef45ac,52
957f42d35,103
79ec6e32a,4
32bd3826f,4
922e45d33,4
343bdb4b8,103
4149127b2,55
132212f11,75
f534d4ae1,76
c67858398,67
92c7c2838,62
143e26686,77
9d77e8b46,0
546744090,48
8260f8641,55
9f392cb03,75
e25ca1054,4
9dfcbdf18,91
ae804f35b,75
1bff5085b,4
3070a069b,52
51507f7ff,103
63a4aed70,4
19f37512d,103
e4ba02634,4
182c9e6ef,45
d32d6ccd9,88
fd33b68d1,4
57fb229ad,75
370c2501b,47
dfb7f1e61,55
539a14033,13
ed0be72ef,103
6fbdee8bb,4
79335a465,103
8f7809cb4,68
e6c3f8ec8,55
0416248e8,103
8a81276fa,47
59d5309a8,55
187b49cc5,55
5d58d5dfe,68
47134493d,55
22bca0aa8,47
8872018f5,4
ac1156cb1,55
b034c82ce,103
380c9c318,4
5b15fd082,103
638d987cd,48
3e629f05f,72
a29efa0f2,40
fc4e189da,4
2a0a14e04,49
0d97ef626,4
5fdf59f6f,103
8a4dedc87,0
b2982bed5,103
7dab12862,103
d539aadae,103
7f8e636bd,4
89bce4769,16
e635de77c,75
63bcdd5bd,48
4646117ab,28
6f40daa0e,48
c128b1e28,55
82c248395,4
43a84d203,4
bad7b9ba0,49
f38fe4cef,103
2198f8dae,64
9f80990ad,103
7864cabe3,4
a893581c4,28
ad153ca7d,75
bf711d50c,4
d982b80ea,4
4bbb6638f,48
8212b672a,13
83302ca82,4
4c184156f,103
fee53d77a,103
9f2d4991f,47
64581ef78,55
fac7af031,103
acc377b86,47
6a6ad6ad3,47
e87044bc2,12
03a46c116,102
9c0cad204,53
7182235fe,4
db49060ae,103
5398f55f4,50
a08ff3c7d,103
b8741ea9b,55
6a3e093a7,103
80c9bb328,103
82fdce8f2,28
b9bae6b0e,91
a8de792e9,4
b134d8c5d,4
523ec62fa,13
fe843e592,55
75753e7b1,47
8ccadcb08,4
501e378f3,103
6fb943b8a,103
5aab08428,4
65bd3368a,55
be953b60e,47
9b442480c,103
03333ea62,48
da00cc5f6,4
189976301,4
f1deb3cc1,21
4e4504ced,4
fb02c411b,4
0555a95db,4
e44ef0f10,16
3433a69c3,4
5453d7402,4
ccb9b5cc7,28
c61f34131,102
07184caac,55
bf85f6b58,0
f50873a8c,103
050bb1262,48
0b3c9e1a9,14
9b28c9ce7,103
f84be6387,4
aa8eef48e,103
42ed99f8b,68
073a72a81,55
1d03ab65a,4
5e4a5b406,28
a39a47b84,4
c5b5ecb0d,48
2b08a162a,55
c95269a6c,48
694b396d4,4
502aa0fed,103
960fe3fd2,48
e66879b66,103
ec68ef123,48
2d0832480,4
792982c6c,45
1329c5b4a,4
70501f63a,49
bac490985,4
431a635c0,62
a575e3bf7,103
1d808a2d1,103
762c5e25b,4
d49030919,4
e43587721,48
c987ff810,103
06bfec1b7,4
1162b2c5f,59
4bb5dba59,4
0faa6c65f,4
7d107974a,50
4ff518045,4
218ffc7c9,13
351f462dc,59
d6e9bc323,13
64027156d,67
fb60964fd,72
aba2f346f,55
2b9959134,103
20dbff58b,4
053198ea7,75
01ce7d2df,28
b2a96e09a,13
a134c5401,103
1432b2d26,4
59372c831,103
e68f95550,103
db53bafc8,16
e6f327757,52
3863b7205,0
8404dd232,55
4719dfcaa,4
23f8fc3d9,48
5a3dafc67,47
0698ae8e2,103
2f230552c,4
5a330e7b3,103
37525f380,68
9e7060f60,55
f6610b1d4,4
d0e47da08,86
f60ba81cc,4
6b7f80246,16
77b8cd935,55
23f7b7a7a,103
abb6d81d5,55
733de405f,4
47f7f9a06,55
05c992976,47
532eacbec,103
72589c9b2,14
7ad932a97,91
5622bbc0c,68
304631d59,49
632b5d37e,4
c84ce54d5,96
bed3cd944,50
7d58bbc35,103
7e61b7ed2,16
2ddbb0f83,68
459adb9c4,72
c9d5ec522,4
884593f79,48
97b161e96,4
ae016f27f,49
5ed06cc85,47
35b896087,4
341538182,12
009216487,48
61fab76c9,4
230b4a95d,4
4641d6c81,28
2cf6e6419,55
04fdbddd7,80
743a39958,13
0993a96fb,45
45a36938c,68
d974a8a25,68
383e2e03e,14
452ec84b6,48
926ed805c,67
ac3ed3cb8,68
0bb20e5d8,62
2f75192e2,68
346d6fc1c,4
bda439192,88
2b1ceb24c,4
c43ae531d,103
ee23e898a,103
a7bff7fab,4
88735317f,55
72d1bf434,13
b6a36c182,4
410641125,68
ad77c781f,53
6e7b662f3,103
20b4cff1d,55
8a5e6e01a,62
df76ddfcc,103
4fb19aefd,103
2669b2dde,75
4ba73aa49,4
3da1159fc,103
7f5d5cb8f,69
a5d301249,103
729ac5e06,4
57a59f1ae,4
c3222a379,55
1e26604ea,48
e69a97f86,47
110f7428e,49
3406f987f,4
a12ca9636,77
b7ad7d574,103
059ee98dd,103
8b0aa3f7a,45
11bc7f078,55
85312fab3,14
567e64f51,48
3ad3208cd,103
3294a097e,4
08c71ca8f,55
155fda1aa,4
498c0b419,103
04bc5ff61,103
985c8a491,103
05ef686b7,72
56c86b9c0,4
2e78d7d23,4
439c8664a,4
34f820893,47
c425cd871,103
46d095eda,4
e696c6605,13
e43b134a9,55
d5b91872e,4
d23336d37,88
5a11b89db,68
26d9a1072,68
78b988645,4
dd102e397,103
1dbaa5744,13
be1b79939,4
e69ddc9c5,91
5b9abdbc8,55
9d8d9607d,53
abf65b6e6,55
85f3749ca,4
c964a7aa9,48
2f1f2d1d0,103
270665eaa,4
9c1ca344c,55
dd88fcaa1,48
9a863b9ee,4
ffed2a555,48
fdc6bab48,48
4bd5d4982,4
90a369187,4
618ad631e,55
20048b328,4
ce6096353,65
07565a412,47
1bf635fcd,103
23a39f766,103
7db868b36,48
dc405fd04,52
5245d1288,70
95e3375ca,4
6a1f788d6,47
58ffca855,103
0ed9ee6bb,4
1f411d101,103
0e4cdf053,12
69a2f544d,4
c8d684975,103
10c568a02,55
f1c7db9eb,4
6f3f4d188,4
f38eac7db,4
08d076fb7,4
92da88798,102
8fd2c007f,14
7afcf9660,103
44d707daf,14
64f0cfc26,4
8de4ec677,102
887fb3ff6,103
ec07ab0f1,103
ef7856a23,103
6b57e5a58,103
c8c92b3d1,49
f88f94471,68
28462ed13,14
8b0062584,103
cda807af3,4
03536aa93,62
1ac65f43b,47
817ab4ca5,68
9a1d5df73,103
bb5a3fd92,56
f00ba69b7,28
aa016ddfe,4
dd33d59f9,13
111581957,91
77a987385,4
7cc60fb22,13
e881c39e6,55
d853b843c,4
e69b66458,103
fdf7c8fe5,49
34d736b06,4
8e6d1a140,4
924218498,48
ad62f8d41,53
b8fd3b2f7,103
e16606faf,55
87a37b4cd,47
58879de83,68
679f13cfe,48
4bf1812c6,4
9fd265646,28
baf87d0e3,4
e44de523d,55
95d50723d,13
7b89cf590,103
7da20ceb0,62
ada310267,13
ea16b16c6,48
beb9f80e6,103
8664c38e5,48
c80ef2e31,55
3239f2f66,55
2d54b796a,4
366fd6686,103
8a8fae985,4
57af706df,45
9000b5760,48
c4a376520,103
6bff70a64,103
f7eede84e,4
93b754b97,4
f1495d941,67
8ed239a08,48
f468cfed1,4
bd4f8c863,48
a12ed8ec5,103
98bb92c1e,14
052e7f031,4
087d3bbf0,13
081ee9650,68
9d375712a,55
97b3e2eb1,16
9d7b004b2,75
80abd878b,59
2d10d39ba,4
f2c6cb2b4,90
894696267,4
038c1315b,4
1f750d4e6,75
1a5e9517f,68
ba49d2dda,55
d1292ab63,103
eba77622f,55
6a1a8e17d,103
8776e1949,49
fda794abb,4
6366d7061,55
4f87dd5ae,103
b25c080d9,48
f92ea03e2,55
24cc36b04,52
83e64f32f,48
5d1259367,68
1d51372a8,55
a63f52d9e,48
6318d6cfc,103
8e92c9811,55
f2419f856,48
e2e96c56a,48
55c59324a,4
d14a0c9d2,4
314dd31b2,4
c85a1d564,48
2af4172c7,4
afd01aca5,103
1c7354786,103
28ee705b7,68
88fdcd071,16
b9ff3b500,88
0f40f447a,72
6f88cabe1,103
6b3b8d49b,45
6aa485643,103
ed0b0e088,55
e3c6e720d,14
40b3c6e51,4
6d7138997,4
4630fb885,103
1b4a28bcb,48
0aaa84d90,0
392019a2c,4
5345fc847,103
a959c7034,47
6f12632ac,9
ebb1d9137,48
6f0d8372e,4
d9924befc,55
b07bb0c22,4
4ffc57a98,4
d829aea86,49
fd704758e,103
24ca41300,55
aeefaa66b,4
547815be0,47
fb5b6c2e7,103
f69023f40,103
d782603ae,48
3e7ae2503,4
35e87cd85,52
e752f8dfa,91
855c94fc9,103
9199afd98,12
9a1e64ece,28
9ebc88cdc,4
e2c4e9c91,4
2bf04d18b,103
961163819,103
a430b437c,68
6a8422b82,103
dd4cb3fbf,103
9419289bd,75
b57f26c3b,103
aec93bbc4,91
c3c540406,47
385bb724a,55
40752b008,103
ac73af09f,51
334df9a32,13
99caeeea3,103
ae8e8b50a,49
934072bf5,48
aa6a6c73d,4
945155e8b,13
ac32140ca,47
10bd19c33,103
7eb988267,95
c1390c263,48
9cffa1c67,4
2cd58674e,48
1abc6d06e,73
1be394776,49
ecdb603e1,68
b8ff15213,48
e758b0185,91
8f8ba278f,55
bb88f386b,68
08bee6dbf,103
3665f35e2,65
75a50917b,48
9de01514f,68
24ee77db7,48
8693ef6b1,5
2ea467d26,55
4ea0a3352,4
6e3716497,103
1f2621b4c,72
407df102a,48
5a7f69e51,55
9a33c631b,4
de8fd4020,103
630d3e7b9,4
9e46889f9,103
d5400cc1e,103
02378eeef,52
b106e1623,4
50a98363f,103
afa2ae498,9
cb59a4824,4
55dff9997,4
5567bcd26,49
dc77fccc8,7
b3cf1a86f,55
630ddb37f,75
9416364da,68
bd3bf8f16,55
470847079,76
4165e5bec,52
9677be74b,16
ce824d546,16
537f040bd,4
70f9d13b9,103
33b3a9955,4
1d8ca740a,4
7f3e45975,91
4a349dc90,103
90956475c,50
f7fd08c1a,103
690f47487,103
53a6ecdc4,4
96cc54a3b,103
91a2ba8ab,47
f2ef2873a,103
0354bcfbb,4
2c0fac807,4
c1f89f237,49
640bd467f,103
597beba89,103
ec357f612,68
68039396c,4
31ad8f4ab,103
35c0567f1,4
7afc693b8,98
ad9aa2ae2,4
30c74817b,91
847ffdf2c,41
6de9b2572,4
d92df455f,73
5628f5deb,70
209b4da16,4
19d5edc51,4
5f4162c42,47
8f2f9d451,45
6449727d1,103
1f631a7a8,103
fe3642b3d,48
fa19200be,13
b7ad587a2,4
c1435ebc0,103
b99ddd49b,47
37377ab6b,48
f8326b046,4
509965df0,48
280b71230,49
af7eab8ce,4
85e1dd858,48
9a2fe7b99,4
e8226fb9c,47
07f10b39f,70
54a1667e9,55
b95364dd0,13
adacbebc1,55
8571d6622,55
25079853b,48
534764190,103
1e9cf8264,16
6e1842cc3,75
629436111,76
c0ebfe98e,24
8fc79c991,49
a8ae0ccc3,4
157be3bb4,68
f4c3dcb09,103
7edbf1ca8,55
0721c0bc0,62
51e3f656c,48
69040ec2c,48
0dda08338,4
cc4399647,68
ee9242d3c,68
18ad828b7,68
4afd54574,55
6abdbbd7d,4
4580f61bb,103
3e17385dc,68
3aa210981,103
75906e681,55
cc99ce5cc,0
bc707c021,68
9a9255c3d,14
e9483b3b2,73
625ea352f,41
03edb6308,55
ca19d9909,55
872eafd2e,103
6daf9a7d6,102
ee578c08e,68
9556bf430,4
817066a16,4
6348a7b61,4
20e92f82d,4
dd33bfef9,103
bad8d3e9f,48
10acd2f2c,103
b8fbf9eca,103
1c88f1550,103
db04d5ac6,4
dba16733f,55
94269c190,103
78d30851d,68
a9cb1cf8a,4
b7a815e07,68
c63427eb2,48
75dbc2c81,48
48e65f113,55
ab35917f7,4
7f01686f7,73
69e5888fb,103
730d2b0f4,55
ce6b9b704,4
012e26395,48
9617ba69c,103
9fc9b533d,4
e70be746d,103
2c6c478d1,4
1f8e21c54,49
6575f6563,103
27d271279,4
04758b7d2,103
8919d694f,4
0dbbde2b4,4
37dea321a,80
488cd2512,103
9090142e8,55
2476c4270,9
367f31c9f,50
9e006b3d6,103
c010973b8,47
bea291a1b,4
0556575d8,68
b09f6318c,91
5e6e5030a,4
e2fdce920,4
1a25cc01e,16
0aebb315e,67
e39fc5430,103
724560f8b,48
086fcc48c,48
42f1496d8,4
d7c938976,103
0aeacb28f,103
10c508f77,73
1e8175d27,55
46017b3ea,4
88d492231,4
9e7a1bca6,48
f18412796,0
8bcc6b0a2,103
5d3d71c05,14
0c076890a,103
6c8eb5daa,49
563f7b16f,0
7cff9aa7b,4
90bb2bf7c,103
47499b166,103
143b75258,91
6d260c2c4,48
60e8a1d83,63
56317c242,103
d14901985,103
f99cc22d6,4
3b58e0b0b,14
7c23c9246,48
e42b8cc4b,55
807ae65c5,47
a20b98b33,0
5e2f03974,4
735b3631b,103
8e8f25c31,55
deb571149,55
64dfb8137,103
6ef97d18a,103
42f3a0c03,13
f553000bb,55
5f3773437,4
5eb03fbd3,4
019df649f,103
cffa0410e,48
ba635bb61,9
aab7f897d,103
0875c4f20,55
78c58095d,4
8e681fe39,28
d50341097,48
492569251,103
6aae558ae,4
bf7e00572,4
7abf68943,4
2382c277f,75
39df767ca,103
645e6c963,64
57ff5b255,68
7fcbcdc02,68
8d1bc9b54,4
d228d4fca,4
03f8a7638,48
61d0998a4,48
cdfa5a4b8,91
d314c03fd,47
3c525cead,4
b104b01c3,9
75bbc4353,4
9deaf95b1,45
bdf131dae,55
a13259e0d,48
b5a739d1d,68
afc49f312,46
abe2e74a6,68
f9acd27a7,55
749b744a4,103
b0bde1b03,103
0313b9d4d,4
4746340a1,75
3f5c2bb22,16
5b3de280c,68
fbc1f1f89,49
ebd745005,103
f796dac32,103
5a2c8645d,55
52378ff5a,4
5cc793cd8,4
260517e44,68
af51f29c8,48
ef21b581b,48
e6223db31,7
2cba09f03,48
0a71ab4c3,4
59c2eeeb0,53
cd6748273,68
c3a60c66b,72
95a484b75,0
994db92ae,25
e53134336,67
282e04df1,48
1dc077696,21
c9a7eae13,4
e72c5d3a9,55
6601f2903,68
88e754f35,47
fa434878b,4
9be084d41,48
69a3de639,76
2fa4ca1db,47
f9b4d0e4a,91
dd613b9f2,76
82c3b7f7b,55
0094a72e4,103
a7756b411,48
a94c4d821,80
d66f375db,103
cad0e063f,57
e2567b48c,103
83f7c30e9,47
0abb8d338,4
1c63f50d1,49
74bcea93f,103
077e33f0c,64
6cc34f6c3,48
8e390cb4a,48
5998b063c,68
d1196d6ef,13
627e5cd5a,52
2e8a14696,48
fef2b59d5,4
c09ec978c,103
5a83e84af,16
0a383f1bb,47
17118cb89,13
001e13533,55
cdb8be610,103
fcb500296,91
33aacd395,4
233db9b4b,103
a2d5f3e8b,72
2c6e87c72,103
f7da480ea,48
ec6b3bff4,47
18414db75,14
a5a71637f,4
3353b9bda,55
4bfdc5664,4
f0e0f2a32,103
e799e6e75,4
25f594d35,48
978d9e4ce,4
8ba970109,98
b3c636639,103
adadd8f7c,103
fc836e711,4
ea0d2354f,62
6bfc6b8f6,55
1d145016f,0
2957381ac,4
8e66ce122,48
0cd2a25e5,76
d15a4d94c,49
dd7ae60d1,55
58bb4ddb2,4
37cb79b63,103
c0e0640c6,51
201a74da3,4
f5d022470,55
c5d9914cb,9
3f3280fd7,4
b631d859f,103
07803a6a2,48
61ef56738,55
a05706206,14
c29915daf,4
4fc561f03,55
e0fe7e2d0,40
b52d8f0a2,47
e028101c5,4
93178e5ac,53
adb78b73b,48
34302ff94,4
67a3ff9db,82
707760045,55
44fc90316,47
536be8fe7,88
70498b302,21
355abfa16,4
b70f99706,4
e60c3bf54,103
9a3f6c785,103
5cc548c43,67
e7661164a,4
16b00a5d5,48
78235a81d,62
2aba48b93,103
bfefa1d73,45
a16eb5fa0,103
af8f1a4cb,103
dfbb8c112,55
ec33a58aa,47
1f65738b8,4
3d199ab7c,65
a0add49a2,13
22be03235,47
7315d2e99,4
edbb2c2f5,4
e2372e47a,103
9f0f27251,103
343a80f91,4
fef9f8524,78
45bd6ecd8,4
c4727766b,4
aad6bc2bb,78
2a8131dc4,4
f2db90ee7,103
85bde49f1,48
afe70f1d8,103
9b353319d,55
b9ba7799e,13
d12204c77,103
404661213,48
9009c7887,103
651a0b6cf,103
097dde704,4
f9dcd69e3,4
8361e9b86,91
cc7981c1e,91
b8612fa45,103
8d4368f5c,68
656a556b0,103
7163520df,4
9040a1e5f,4
72d528c13,103
a9c9495ff,48
3920794fb,4
7777e7e44,55
317d04297,68
0308348b8,55
025c07b54,4
a45f859f5,103
d08960735,41
57c274565,4
057112f09,4
4e65f53bb,13
e469820b2,72
8a9b13bef,13
4dc902039,103
5fc2cecce,59
8918114fb,103
55e0035e3,50
813ba4348,28
a9cfe91af,88
9e4e812df,55
441f60624,55
909e04f8d,68
d8749b8dc,55
0ef6541f9,91
9980474e3,49
101551fbc,68
1c30e72d1,95
d81fb8241,48
99d0b77f9,93
04d9215b3,4
6da191d02,48
56a02070d,55
c8c7e71fb,103
7c9f01509,4
fb094c9bc,103
625a9dbf0,103
734fc53fb,91
e1499d78e,47
6b8989275,103
c8bff789b,91
a534b0f16,48
4b86a4171,4
3b932fbd0,40
0d4b7df42,55
805f78d97,65
95b5120db,47
abf89f144,82
630773b7f,48
b605cac2f,55
311799a0e,48
a1eee5a29,55
eef64c945,103
eb92d9778,55
785e7d196,49
c54d38d9e,4
e269805f6,76
450dd240e,103
f67795cc5,4
ff9c8d8ee,14
f8b20dc7f,4
84b6560ee,55
ecf751fe5,4
7263dccaf,13
057d2b6d4,48
cdbac498f,103
4575d8130,103
88a7e7bcc,103
caa9982e3,69
392d4f5ab,103
4f6762363,4
c08671252,28
52171b028,55
e7b039312,4
24ef54ca8,13
f3c989c3c,91
eab53f47e,48
ccefc605e,52
a91e7f455,55
9290d73a1,0
9174ed35c,103
b91c00f4b,55
c96b560a3,47
147c34f21,103
64144b5a7,103
51f607616,4
e36cefcc1,103
c548ffbe8,4
4e1eb807f,62
cecb3fe1c,75
cb22250ca,79
7be31a9a0,4
6ad636b14,98
c90849e35,103
78ccf47e4,49
bd6ee4ac7,47
9efbbd641,103
9aa3662af,13
8556f75dd,4
ab06cb3c9,51
9d7baffae,4
b6eb04bf0,103
d85f2a17a,4
4fa678f28,55
e7d33e06f,55
9403b3f86,68
4a9e8f7f7,4
067c659b5,103
97a476deb,48
5db83d658,103
0fccb02fa,50
0aa405eec,67
330ca12c5,55
74ee51f2f,4
088b35ed1,4
dba8e8e9b,4
465acfa7f,103
74aaa5e78,4
bd35bb1c3,103
ea41e95b3,103
01c00d9c8,48
014809654,103
fe6da2049,48
f62d1e472,4
61486eb05,91
a5566ef23,48
2a459a0aa,4
322b5e989,49
498de5a90,47
cea4d818e,73
464b2b309,48
ecaaa5ac1,9
e1d48d997,49
a2e48b4b8,4
5c54f01e3,80
ef8f495c8,91
8695f4633,55
5bc0988c2,9
cc16ab1ba,4
0a117eab6,103
329581d4d,4
c6e5bc142,67
dd0839e53,70
f55caa50e,91
3dff55658,4
284bb203a,45
cf9cf9368,103
94bd779c3,48
0ab78aa76,48
6802325de,55
3fbe83f91,48
54dc06c7d,55
61f3da6ae,55
e3fc821ef,103
8b5aa768a,68
6abbdbbe4,91
b87e16bc0,103
bc08f60aa,49
8904c358d,48
7405dd1d5,28
805d8722f,80
0251a7082,4
6e60eef45,68
6d61341a8,68
bcd277266,103
61547bf69,103
0313e231a,47
b17ebaed0,46
0ce7adbea,103
b731c25d6,47
45c23ce20,72
c931dc74c,4
d8437a7f7,55
6a69a6ae1,103
50ff8f2d0,91
cd6fb957b,4
29f49cd83,4
b382faa85,55
5e76ba18f,68
d637980a2,45
8876c6402,13
310f07ff4,40
3aa882bbe,103
1513105d2,68
8fe41c548,48
a07779d6c,13
f3a8be142,68
fa1a492ed,103
981396649,49
ae78a484f,103
db86084d1,55
0dc26fe1b,47
b84a40e10,103
0b75f1f48,47
3d9c51d3d,48
a0e82c1b1,55
0cc1eccf5,68
1a0d4b775,4
5255b9b6c,103
b64db46f3,4
1b426a50d,4
d8f1c6f49,72
c7acfdba4,55
2f2b2a1f9,55
85c2ca274,4
71d454f1c,103
da9de3c05,4
b299b2022,4
3cf28a050,79
8c7a3ac06,4
9067fb1fe,4
1b0a08a16,48
f04b99dcf,103
57f7948f4,4
7748f8039,103
bc9873f0c,68
1600cce78,45
be007fe7e,68
8168ee82a,0
6036f3641,103
f7019798c,4
2ec1937d2,103
288feaf8f,4
d4c0f8a5a,4
2c9e28482,103
226a4258e,55
a2ca3206f,48
3e1727f79,102
4b9e61e38,28
5ed355568,4
36c544e98,4
cf3bba4c2,4
d9d483387,103
5a5cc97ec,103
7cae1c547,55
0a63cce73,103
b738a5ab0,4
5083ce580,4
7d2140905,47
73633e6bf,68
923e37397,4
2013e7b99,55
687997bb5,46
ffe68f250,103
7547be627,49
700cfcbd2,103
875510d5c,67
903d6d1ee,46
9dfd91c6f,4
fdaf286c6,14
e3fb7b8e0,45
9f80ffecd,48
931b0b249,103
f7fe0d522,14
786172ac6,48
ffb840ebc,103
d78b3b629,103
13452bf5e,49
3569ab6df,55
cdf877752,103
0aa1d9c98,48
17c8dae41,48
58f68539c,103
0f9da9757,4
71c31d4be,4
a82ca5b13,13
cc446554a,49
a6bda1044,4
d35565c6c,4
d970c4ffc,103
f16b615a7,48
8ec1ab770,103
bfe43d44a,12
d4f431dda,103
c41a4be65,4
519f5b078,75
d2dc32c18,68
a0ea70e97,28
3b79d913d,103
a15f2da3a,103
0e7c4c272,47
fd3fb66f0,4
fd311eab7,103
7257ec39b,4
6fc119103,103
f62c0973f,91
2bc4dc850,48
fa7866999,48
854453303,53
9a9c151f2,4
c779948c7,103
096e3e1fd,68
e283e73fc,4
9372a8558,80
8182d588d,7
2e9790332,4
1c074bd0f,4
3d6f46c76,16
d90f33907,55
1e793aadc,4
7725cb554,59
7e8d0ab34,48
97ddeaac9,93
52dc12639,55
a41d29902,103
6c1a05ed1,4
8b23979a5,4
918ea59ba,73
ec9d1154a,68
8a81cba04,48
a51dbb7c5,4
754250691,4
a7f5360e0,4
3d5479aca,4
4a608f8ad,49
599713c6f,4
f0727012b,68
070a1abea,49
27f69132b,103
3ae3126c9,4
0d48d68af,30
4cc87897b,103
0476b626a,47
3076e7608,62
f0a786428,4
48d8779bd,103
dfff0c929,16
ee053208c,4
d753dc261,67
a76840623,49
065c9b5be,55
79272fffe,50
7b53e5791,4
e68152d61,4
65b44f1fd,103
8a5353b56,103
0e538051c,4
ccf5f3de8,55
d02a2fd8f,103
5cdbf8228,55
47ac366b7,102
f9c4254e7,13
77ad23821,4
05071bc4f,103
701d4ac2f,4
29ee6d680,53
e2aef08ca,4
4b8a4a3da,51
ce5af8fc3,47
c93150ab0,4
760d22629,103
4191e9966,4
856717f8b,4
9f69713aa,5
5b1353d71,103
b632c0a2e,28
3303a56a6,55
19a795eab,103
96b2a73ec,28
9ddb372cd,0
0497c3265,103
7514c8182,49
4134d5714,103
d665d6a8c,55
aaab6a867,103
6bc2469f2,73
49f2b41a5,4
576f07382,91
121fbeff6,4
7a011cb30,103
ce6b42efc,48
adc3d214d,48
bca8bf0d5,4
087a71f75,103
61f237fa5,68
e0a96117b,4
fe1857f3f,45
b5eb21e9c,68
08ffacb06,68
c1f7fad28,48
dd9cf65da,0
656851f72,103
b71543e42,48
a67769dd9,103
064d949d6,55
25691eb59,28
fa05f57cd,103
c2d0ff1e1,4
cd20c00da,47
1101a003d,55
b5fd782ee,28
98cd24c97,4
778808485,48
f80f02286,47
d0007cc98,13
361e308e0,65
13d3c108e,68
c6c801e09,4
60a40c037,49
56a33cbaa,48
bf195e5c1,48
9b8345ded,4
6bc102ec4,103
6760a8b60,4
6c5cbbdf4,13
aa85a14bc,4
53a05f5ad,4
8925b37f8,103
9c1a396f9,55
13fff11ed,48
ac869f858,103
cb9adc4aa,4
34cc8d691,103
ff2e1b825,103
498d46ee2,103
de8795ddd,48
9d96a6d82,48
aa9279a0d,4
62d2aaf89,68
1b2d48186,16
a086b2043,12
9d388b6f4,4
b2d9ede68,103
b909b96d7,103
8175828ef,47
ad494795d,9
3dd834459,49
9ada0d093,93
e93da9242,12
22b20a20f,7
666f4d363,48
fb7d17d79,14
42cc20908,4
3ceb3dfc0,88
033c8773d,68
ee2ee5186,55
75c1b1a9f,68
72b388c16,48
74b98cfd0,68
1f42a9439,75
9edb00dfd,49
e26d85d35,67
fc70a3b37,103
bcb18c6e4,103
46241640f,4
99b639774,55
353d4bd0e,76
9ea847197,4
8b7a73f76,103
662f45b2d,4
61f07f2d3,48
3dba87b2f,103
51ccfb7c4,55
4347196c6,103
86afbe278,49
af8b9e043,77
b6fbcbacb,53
dc8dc1ad0,103
9e9dda9fe,4
c762253a3,103
c77e635e6,103
8b31b6453,103
7d5d89bf4,91
76809aa23,16
1134b4a4b,52
06c56276e,55
8ad63bcf2,103
e57ba8f31,4
6504eee67,4
57cdc3f59,68
a4a05f743,59
7e25fdd6e,55
9b444719b,46
f6d873abc,48
fc601ec84,103
504ce2b94,55
0befbdd9e,47
23c567b03,68
f67596886,103
ee2fd195b,4
e21d2982a,47
a599e44b9,14
2984c04e1,4
4b57c7aaa,47
58e9042e0,4
67b85d53e,45
d0661be31,103
bcebc0b3a,49
db789a901,4
74bec8798,103
1e155978a,103
e3542e88d,48
b05b5e5ed,96
42090e3bb,48
e267693a6,30
15c1eb33a,103
14519334a,103
184b78ad0,4
9015e43c5,68
95f734b2e,48
ab1d26187,21
ecd73311b,4
1c64ecac8,48
18fba1554,55
1fe55a939,91
fd3bba010,48
5752ad3e2,48
f69e60044,4
7484473e0,55
99e7f0526,47
0119427db,55
8515fa3ea,103
5287898d3,103
ae9a70845,103
048fe3ca8,75
040684077,47
3d17ca258,91
36a930b87,51
200cac2fd,4
514b8d03b,80
5fbdf775d,49
8cccd4aa7,4
0e5e79e60,16
8f04c2207,55
cffa6d1a4,103
546ea2a87,96
f6c766f77,103
e9fc9a217,47
f1f288bd8,4
eaeacfabd,4
c515db368,48
80d468ca4,103
4ec8b55c7,47
bfd8234f6,47
5e0e038e0,82
abea787cb,4
88c6b5f1d,47
9af5f572d,9
5934fec49,13
38765c6bd,103
b811b25c9,55
1f673a775,48
73acd2065,4
64e5e148e,67
4a6513e63,48
73749e7e2,48
a334e573b,62
8d9213283,68
d146e8595,55
42a9682a8,103
794b67c42,4
7300f20e6,48
2f29a2a9c,55
12d007adc,91
510743b2b,103
67ecf7563,103
bb15fd515,4
23052c6f1,77
ca2f4b9ce,4
11f448738,4
3a44b1b54,68
cc3b595bc,48
d59fc6634,91
8dbc94744,55
cf68a6af8,55
ca3dd51e6,48
b9f422445,13
1867b3487,4
43df50ed0,55
16ad94559,103
8024a233d,64
7f4a2f594,13
ce1019f58,16
ba23c645d,47
096df77da,49
39236fa60,75
f90f6d589,103
57d3813ab,91
c080ec831,45
f441c7185,28
caa580f63,103
2f36a9903,49
167bb4270,28
6a3ce1e4f,4
5fedd16b9,4
f63a9b6fa,4
4fa22a6e4,47
6b1551121,103
cc0e98f9c,48
4fe7886e1,50
6ebd051c0,64
dbed4d8d3,13
e9cf75605,103
6e93d8d18,49
e0f2a0864,103
7e6854001,48
431dab6d7,103
2c8b6d457,16
14b62edb7,103
fe80ea2ff,103
ddb556ab6,4
debf90490,4
4bb5a49ca,103
c2b8d96b7,4
d83d3fbab,77
116dfb5a5,55
a6732ac2e,48
25b1a1971,47
30df475fe,103
1037cd266,48
dcb79c93a,103
5fa624040,4
ccbe77cf0,55
a8428cf05,55
37aab2807,4
085ed175a,55
7c2d22784,4
444a5e9fe,4
063528d00,4
7ebeaec30,55
1691d45e6,103
ddfb8f27b,13
4ce386ab0,14
114d128ca,48
ff37e4d13,103
491a37339,16
3232d6f56,4
981687c64,4
fcac5a7e5,52
be9d52ef0,88
455ebacb0,103
6dfa10ee9,4
61b28f8bc,4
ec55c0f86,4
5924c5e47,48
385906707,48
026d4082b,4
3c98993ff,48
ac28e9c47,103
46f84af18,70
f229ebf45,80
80ec46d31,49
afbdbbf2b,48
71273ba15,75
3df11cf29,49
78a777eeb,103
117551743,103
dbc79f0f4,68
ec3f90c05,4
7cb5e6b99,4
09a438bae,9
f6f3f541d,48
4fdd76274,48
611876e26,103
c19d02d04,4
dd331079f,68
53d90c2cf,55
40fe28512,103
a3c091760,103
8d2997526,56
9c158e3c6,103
88f8cca3a,48
a20b7d9fa,68
0be01212b,103
bd439cf5e,48
358cb6a28,68
b79cf00ff,69
21d31d208,48
a2fcedaf7,4
15bbc7306,103
31a7d4530,48
0240a9430,4
20be2b5b5,55
6ecd0b17f,47
9c8dc2ba1,13
352a2c45f,55
db63379e2,103
d8d27a914,4
103a5633a,59
6eefb96f0,48
fd88bb2c5,4
f638a96fd,103
f91c76038,4
c3f6cd0e0,28
62e32ec91,4
26cf9ecfe,73
440128919,4
1557e4b6e,55
64c056f47,103
fc7362a16,4
e8978b192,0
5681077fa,48
b5253f91a,47
e95556293,82
35975d1ab,103
7600dbd87,103
9f5e5ec3f,4
2e0dbcfbb,4
2ffc025ec,55
656f4c5dd,68
ed8c3c3f8,13
06631da4c,4
532160a43,55
fb7984b64,55
ef40d788a,4
1461713ad,103
7f5e3f4d8,75
43ac410fd,103
3776f98a8,103
fd53118ce,55
e6b713626,4
603490d95,68
df8c1c48b,4
b24b4ecc1,88
1e954dd4c,48
98e101a61,13
7dc69b4eb,55
738116e15,55
35c39adf1,48
30b7ec090,70
b260d939d,48
e394b0931,40
8b01cbd62,4
5184d47b8,4
3debf4070,4
69ca9a78b,103
8d6e9cd06,93
d00342c5d,13
9b7918a64,47
3c425da53,41
d29cd9c2a,0
d4c65214c,65
b7c137651,4
24526b077,55
2d3c0a80b,103
31a00d007,28
8e90cbc5e,103
058cebd78,49
6c925a18a,55
a0f7fea74,47
0b25964e1,4
5c88d781e,68
bd401fd21,103
21ea59543,45
fee9f7c67,48
41a9e2617,4
a3355967c,48
36c7c4a64,4
c4d436848,55
8e07cbf1b,78
49b354ce4,13
de23c5486,103
a2b22b6cf,48
40233a112,47
256e89fc6,4
dfb75caba,4
e7d7fec7d,103
f77e765b4,47
d9cb87ad0,64
f6fe43282,55
73b47d713,103
55da8e5b5,51
8ab688113,75
b080d20f2,103
07ccfbc89,48
7adb142c5,48
92d8c290d,67
3d814b28f,47
18c42b6b8,4
3b0daf5b9,103
82f95de55,4
d1b3aaf63,103
376134aea,91
acc5f6c4f,103
556f2c5c6,68
ae05e03cd,67
8eed96f65,4
47664da16,47
c9ae3ceea,4
3680129ae,4
a0c7302d1,103
8d60b7464,49
1327f9bd0,53
2a99b0118,4
67b0d01ea,62
1fb1edaca,103
c2a609ae7,103
25e91d523,103
f10545931,103
0b982469b,91
5f91412c9,0
6485978a5,48
97ccf888c,4
00450d304,48
aaa8e6d3d,55
dd9f61326,48
1eba038ad,70
a31b18ea9,77
ac1c8b1a1,9
dabb82074,48
9989acdc6,103
e1da2a9a7,28
fc2199013,14
7894b3f5a,47
891e42a88,47
c46f7eba8,4
ecadeb0a2,103
eaf6fbc84,59
96109449d,103
0db5748ed,4
e8aba010f,103
258ff457c,55
a7caedcb0,103
413305146,103
fc6fa6753,48
4e19a3a2f,48
6a8de3c09,68
6463c47d1,48
a8ec16428,103
acaf761d0,73
cb82723d1,103
9cd8464ef,103
b46f208b1,4
0edbc1625,4
7698bb454,4
025960a54,75
a01133fe3,45
459d3299b,4
92673a9aa,4
0623719c0,4
09c8ebae3,22
a36120551,48
8fb591dd9,25
fd33eec2e,68
801b2e0b5,93
3625c81e9,4
4c25aa614,103
306cd2f2b,47
2ecf2e9de,4
4a99afdbb,48
ee40fc4e5,4
aee5c9b93,47
9dac30b0c,103
d278a4f7a,49
8128b8af9,48
8a1f6d193,103
dde8d3397,49
b688ee356,4
301315f25,47
68a81ce4f,4
2c2ffb258,4
5826bc1ee,103
1e3e2da00,4
d4bd9703f,68
6d16c986c,4
f73820e9d,4
7d0e7bbd2,103
01262c8b3,67
1fa6772be,4
d4ab600c2,68
8a8eefe09,91
79c5126ce,4
7b46c52c3,95
4156a2861,48
71149a63d,14
841a4bd7b,48
75b41a741,4
48c00c048,55
7bae0ab5e,16
40da3a46b,103
64a00a8a1,4
19466d61e,88
e1f685853,59
fb85ca687,13
6a273ddf9,68
bd3464591,88
ce6303fec,55
43e458e40,4
92cf1594a,103
3d44a717d,47
a0301d0e5,103
cf1fb187a,103
0feb4e2ef,55
6229791d1,103
9bef7aa96,103
7d5126c94,103
c0ecf5eb5,75
ddb15721b,48
a3d8cc563,48
efd7dff01,4
8a66bd5fb,49
82d5f6620,68
aa560af38,103
66f455e67,48
564564fa1,55
54a9c9512,91
d495d29df,103
6025abd59,103
357b3b1d3,48
2545ad929,103
5ed174c75,4
af181a2a3,55
29d5a8bd5,103
efcc34447,48
6eb8b8e84,13
70ef6d8bc,47
7012b4533,91
4cd75e21f,55
9ed2586ca,4
2e1a7e4a8,55
1c946e0a0,24
6821046ee,103
405bb5363,103
a2b4482dc,55
da4c0be52,68
02434c828,47
564a0856d,64
7eb08a18d,103
5d238f402,103
9d3360932,9
61ceb0f5b,103
916ee9985,13
4787424e6,5
2a5df761d,16
a64d32c6a,103
763b49b1c,103
8fdb0b741,103
e291c8794,55
515ccfe7d,13
464b3976a,48
8960bdc5f,4
1711fd57d,4
4f2196c72,103
c76daa7f8,64
2395c9740,49
ae6ab4563,47
711216a77,103
d482c8cf2,103
3901d45a9,103
0045ce94c,67
a10a0b280,55
738989c7d,14
78c02c2f5,49
d92a98c89,53
57b90f0d7,76
e0a576d7f,68
4ca32d7d8,48
77a6613b2,68
e8d0e382a,90
435326c89,103
6cf4b47c1,76
8afd1d330,103
af4d8f92b,4
285e0bc7e,4
84b9be4d6,4
028852549,47
3d95467fe,45
7d04df1ca,103
3c5f0c3b4,13
6395b130e,103
5c9aadf3b,64
35b66a46d,55
59b2a320d,103
6c3ecb861,14
30f515f27,4
f86503c22,4
1b0684dc7,4
b8f76869d,68
1ca3b1ec9,67
fe7857419,103
cfcd57260,48
92debc194,68
b145790f2,4
9244f8d54,47
2655440a4,4
1ee86a298,48
bdbec7ef5,103
3be948614,7
5dcad39ff,47
34c4cf37e,68
04a069392,75
b0ddbab02,48
8d6118759,103
d8f8bccc5,62
f35bba490,68
004b88e09,103
70077ecb9,4
77fbaf59a,64
e9a2109c0,55
97808297d,91
62e5874bf,47
a3500e94e,49
be75bee29,103
f6e02f90d,13
d56f1eaf5,4
abddbf3d0,103
dc39aab6e,55
974d0a175,91
02d70ed11,14
4cacbf1fc,103
d3d08e737,4
a9f0935ed,62
c7d865058,48
b0f2342ea,68
7593bf7d9,103
337ffc67f,55
755794886,103
411394fae,4
f9096c83a,103
d1a2458d7,67
f1641e325,4
5d796ff7a,103
0713eb9a5,48
f10187efa,53
715656abf,4
e64905c2f,4
318d049f2,49
62728ae3b,53
71c57f5bf,48
818253773,4
09adc5faa,55
dfceb73a0,103
17d0be640,4
ebc612beb,55
21191d2da,103
66df2d548,4
a46582e86,68
dafe76eea,55
0d558f91e,4
74837e719,96
97cf2d9a6,4
269d88554,47
7fad74e0f,21
197830e87,4
2cb6d8130,4
6022f99db,48
1314201bc,48
99e810fa8,88
b9811a813,4
4e4c57892,4
0dce2cb5c,48
2dc55fb57,4
8b7fbfa1a,4
b882b8bd8,55
bee47a94b,4
8b86c4635,48
4c039d563,103
b108950de,103
9011dddde,4
53622739f,48
b37712a07,14
2a69fa3a2,68
787578be9,4
974a99cd3,53
ea072301c,4
ce97c8026,4
a29695033,48
a62dba9de,103
760a844a4,4
97947bb82,16
6bcdb2495,103
2c2f59092,48
50749d154,13
38477b2a2,48
6f725ddd0,21
57b0ac4e3,47
a030b3e71,103
496bb2adb,49
719a12da9,49
07d138d01,4
1f00c0495,4
616bbeb90,4
8fa62ef13,103
26ee00728,103
856a55f6b,103
c72964068,4
6d711f23b,53
4cc12b820,28
6c360b751,40
69dd8b98f,67
8b4dab7c3,68
e925b2ba5,4
ae61e912f,47
5d0b6dc90,49
4d178a6b4,0
e5eca71e3,4
f337de2b3,103
4b49bfc87,103
6d0419afe,91
e6e68b7da,47
cd503942f,55
38b394064,91
7dea65fa8,4
b3faa4ebc,103
5ff5a39ea,103
bfe670846,103
3d3dbb521,4
fabc19e97,55
1bbcb152a,47
b10193db4,103
47c4e4fce,4
141ee85b9,103
1a6b89e31,48
6df282095,4
fac66356f,103
6b3c00c84,4
2103e7549,82
eb66fce7b,45
1c5dacd9f,103
4f7f265b5,73
b3deff050,55
baa258007,103
7a512bfa0,67
a94f6dde1,103
edc4bea12,52
80e758118,4
903a3ee76,45
26f0c457a,53
1c08a7736,48
f38c7346b,4
b74047d71,82
147d79f8a,4
5285b9c84,4
adbd3dcf6,55
88728f169,72
3b6693e00,53
1a33ad4d8,4
73654808f,103
9dfc925a1,68
388606357,103
cb225cfe6,50
179aa8d61,45
94a7c5ed2,21
60c0ff1b2,22
b765dfa87,103
1971e15b7,91
49c1a8313,73
64dba18d7,4
5675c2ee7,103
2690d9568,46
f8c41bdad,48
5d59f9a69,47
fd0121113,55
6034d93d9,48
4831ae48a,55
08031b106,48
7165bc7ad,75
91ed2728b,102
3c5103dc0,103
b82ef433b,49
def4dc802,103
eb6dbc774,103
5608c05be,4
11cd8f57a,80
dd8b1aaca,52
bea8158b9,72
4c5a20840,4
33ad24008,47
057cfa1b3,4
43fd926f9,4
4d0229802,4
31e5dda95,4
53d9b87f7,55
cbbc6e017,4
11db2e1d4,4
a0affbd33,4
241a96f41,103
0a98a2179,49
465605e5b,48
be75d9856,67
8bb630662,48
c28a33596,55
1a6e886f2,55
63bec561a,4
919aa404b,13
3a9b30bf8,4
5c597c7e1,47
3a17f07b0,4
990ca8dc7,103
fea37b294,13
e2e81b2c4,103
a195eb3f5,103
41af5743a,4
275fa220b,103
9bb756baf,103
0bdbc4859,48
5382ac6d9,47
e12b35292,55
9e60a5b0b,103
5359b52dc,14
5bddd9a50,67
e557fab37,48
487a6f05e,48
91433794a,62
b7aca2c8a,4
00a7a6244,74
cfdfb9028,62
1cb630a6e,68
8848222b2,103
8716d5221,55
232a50a3a,40
56697962e,47
a0dbd84e8,103
d96c3a358,48
d6ded3726,4
cf86bf7e0,103
7cca3e7ec,4
7859791b2,103
6c123c407,82
8304d7230,48
9e4dee17e,14
36af4c914,103
4e7bdb1cb,103
124b3526c,103
c21cd70d4,103
1fed3b30e,50
52c27c7e0,55
fd25ed5d2,103
6cc8bfcf1,103
871699e5b,49
0ce2742b7,48
3b60b5bae,68
3cade7849,14
6c77db7f1,103
419424bb9,55
3cf641526,4
88de21f46,55
1caf8b7dc,103
8ccdebad5,48
2c8f66cc6,48
1fe1e5c34,103
d06adb15c,48
12b630964,4
47611c7b0,47
ea86d7b46,72
5e01e9489,4
3c22e0a0e,4
f68109bb5,55
b335b5bd7,4
44fb03a32,98
70be85fb4,4
8d36d1fd7,91
b0c17d5c1,103
8c66b87c8,67
440daa96f,103
ce27113a5,73
df23921b2,4
af8f3cceb,68
1151a0d22,41
daa767533,4
2939aa5df,48
6e045ef23,103
68c50e34a,103
72e6df7f4,49
5cf823995,68
b9eed2baf,55
71c381469,47
ef6a25c92,13
bf6653e3f,4
89ea4a518,4
953076db7,4
49fc70cb5,91
0d69ec15a,48
f822afd0d,103
84412137d,48
6a6689958,47
9eeefb070,59
bcad89a07,91
25b6d41a2,4
d3cdb9655,55
b5e238431,48
5a078c961,103
a4f827652,13
67a4a4d91,46
ac63c6d38,48
a1c45a1eb,65
32d710e55,68
4adcfb275,48
6d7ff30b8,103
f56f35811,49
145628804,55
683e58330,91
22c98bd18,72
f1b2738d0,103
629160ccc,4
ff0e67f2f,48
0a90e5cb9,4
50a98f706,103
8cee8b405,48
a7fcb3749,103
54d263a8d,4
32863f792,4
1a5d9c089,4
f52f85873,49
8d44b6bfe,79
3dbd32e8f,55
f6dfa3eaa,67
118a60f12,55
a74852f37,4
931e94184,4
664ab3455,21
35d5521e7,103
d1cfb6a0d,28
30e82e694,103
aead648e4,68
4342207cf,4
21c09e349,48
f7f77acb9,91
364e07591,68
ed55bdf99,55
85c40deca,68
b3cc561cf,48
8d0b21b05,91
f39ff7ba2,103
af669d8e8,103
6f25bec48,4
5885a2c34,103
cdd700dd9,4
afa405f0a,55
0be370901,103
1ef2e4de1,4
08820c254,103
c22e3bf9f,4
7677ecd51,4
599d64d01,46
68e8b6b9a,102
1ffdf0d9b,48
fbceab432,103
a0ebf07d0,4
a8338c626,102
42ec55913,55
d28fc9f29,103
c4e7f3aff,103
730cbd08f,103
6fa36a899,4
87f8091d2,48
681e2b154,103
57bbb106e,91
10f4c026f,48
20ac1c597,46
63eb884ce,4
6db9ae896,4
c52257cf9,4
19248ab83,68
6386c2d78,0
dbb2bf69b,103
96e4b2ef0,103
c9efb9d66,49
857a39495,103
034fca563,103
e8e62aa32,103
ae4b7aec3,4
a0d5a99e0,53
96993f959,4
c5ab18c87,47
6c4b066af,4
1ff3a322b,103
d9a466069,103
a794b05cd,103
40cec32ac,53
d17630e6e,48
1cdfd8172,68
2e0bc183b,55
010c5d8fa,47
94d387cd6,103
50ae0bab4,45
5d56a12d9,91
78ceb6218,53
c753eb6c0,9
f809ac529,75
2e494a369,48
728a12444,59
627f0996d,49
ccde3ea45,91
35f0035c1,68
64088707b,55
d1edcd33e,48
f21ab1aa2,4
691acc46f,48
0e675095e,68
1b8a45d4d,68
8d9ce649d,55
6be94f8cf,72
40ded13ea,4
c3565844a,55
c8baf7ea1,55
db95e1a99,48
b9feb1bca,103
eb2216bf9,0
18ce23111,4
f7696fbde,49
f9c5a4820,4
a19239dbe,4
99f271a51,4
4f5a0a2a6,4
49f22c2e5,48
c8cacb55a,4
f23084f4b,40
3537c6c84,68
d81994ed2,103
b846a9ee6,68
de996c4a9,103
d3777d5cb,103
6bf3d86a6,103
1b07b0a53,47
175e8c4fa,103
897a2400b,4
7c734cbb4,68
6a1072588,68
fb93c4c46,4
d70ee220d,67
9ff246fe6,103
b48c962e0,55
9351e7281,4
c11fb922f,4
1375fd010,55
4cf56a9f2,68
d71ba33b6,67
5ec9553ea,47
ab78481b6,103
bbad1c1a8,103
d415cf45d,103
e8cb185dd,48
d2e838de1,47
ca256fab6,68
67556ec2a,49
dd103a297,47
34c97f64c,103
481c58d57,48
4f5abe367,103
346182497,49
61ff4902a,4
9a6a82b59,4
bf9e90a5c,96
d17ef4e5e,4
8745560e0,4
b6cb0c2b8,75
848c7cfe9,68
ea915b13b,55
a67e861a6,103
967f27ca5,16
1d762bf2b,4
8bc85ca8d,55
f37a76430,30
ee6971d20,4
b9fb466af,53
66cfc023a,103
fe214efde,4
67eb6bb6d,4
12fb0107d,103
bc4c39336,47
98f577627,91
0f6325318,68
d16bd1260,75
ddd24583b,4
285ff0263,48
911ecfaec,4
505472dd2,48
31f2e5155,16
3294f5eb0,21
496eaacf5,103
60e283191,4
0b8333bd9,4
b364a9362,47
960b40f5f,103
7f6076e29,55
ec80c1413,4
d6cd39e5b,91
03af10094,47
0cec3ad84,48
849e05914,4
6f81b250e,48
0be920d76,4
bfdd4162d,70
c06c7ca88,46
55a7e02a2,68
6bced57ba,4
e053b45c3,4
75e6b445c,21
d4e9355ef,4
da4a55d56,103
ea85ab37b,55
82856ba28,41
b72ac95bc,67
462a4b1f1,67
24bc9be2b,55
8ef4a7754,103
7f0c3fad6,4
e82201f68,48
8faa5deef,103
7fc947bde,47
a23d903c3,55
2b7da32fa,4
3b66bda54,4
4abbf6ecd,4
64803f8fa,4
610314687,55
9d44bd787,4
dc4f97c9d,103
2dfc47c2c,4
d4350350c,47
708c1099c,4
95e7165a3,14
3fd719b67,12
bdb951b2e,4
07b2feecb,16
14057210c,49
622301a2e,103
904f86ba0,28
adce755bc,68
5febcda99,48
811acf839,16
be3a7698e,4
a475599ad,14
98dcdf215,47
7eed3c569,13
7472f2db4,55
ceb261e4c,103
2ee5a9066,49
9b49af313,68
af511f5d0,4
08770c1d1,55
b5f49135b,4
58c90fc33,47
bf7b19901,62
0a2e4e1f8,68
8c7950b1e,4
8073355bd,103
e0151da58,4
2d9284433,49
3dc8e9edf,47
8429cc1ab,68
f5aa796ed,62
320890eb5,4
a497a8c2c,73
b8c5eeb8b,4
77aa8505f,68
676bac625,48
33332272e,103
08710eaac,47
a7df3f054,91
30da0fe81,48
95c77ab53,103
57a04f0ef,48
3fddc8eeb,103
d86ebd20a,4
773cb6978,55
508c39bfa,48
4eac8e323,48
2da86b144,103
58a2ab14d,103
c49f75868,102
6569b16eb,70
68596af51,55
bbd3eba7d,103
be7a473f4,103
0afbefa46,72
805a4dfb6,4
e91e87dd4,48
5f66aedb4,103
a43f7fc0e,49
b0f5e118c,103
4a9a2ca92,103
710ee21be,4
50c36b121,4
57b85fec4,22
97d3f3707,4
a86983a99,4
4efdca978,4
cfe6b80bf,47
24c202e61,45
49601a7ba,68
41e36fab5,73
8deb17128,103
6ed6b136a,103
972c95932,45
8c17a992a,48
224d2ad17,55
99536c670,4
37771fa98,4
92be2245d,55
7ae85e90f,64
33b9d73b8,4
ada4b9362,103
fec748ff7,49
2b3d7a7da,47
2d64f0901,47
de06ff6f7,103
8935eaabe,103
f1516a306,68
de757dbb0,103
ae8e3af92,48
f5ae2d10f,55
69d14fa3b,13
ea0b66dd1,91
2a69bcce9,4
1a0fb01d4,4
afa55360f,45
f0e91b85a,103
718f47a1b,75
eb83e32a8,55
9a3fa2c38,55
3b7f6b220,103
28b08d407,9
4863d1e67,4
721e72651,103
991108b09,4
96a197cb1,103
0b5c8e646,103
a00b723d8,103
4a98c96c1,4
47f7fcd87,103
d2927e981,4
f116f4ff9,16
ef799e46d,55
43428f900,80
563ee45dc,103
bd8830a6d,59
9d0d80d6d,48
09c2d54ec,4
1c35c04a8,103
7244c8b3b,55
84fc267ba,4
d5cd9674d,48
139bec7ca,16
7e53bd3db,47
623270c63,70
7b6429c7f,103
de4b24dec,68
6f09acc36,103
671c7b595,46
a5c902dab,103
fbfb8db0b,4
7cd4cc27f,93
56f31776d,4
1aefb1a74,4
855c5dccd,4
2c2579451,16
01520f1c3,52
93af01df3,55
db0c2006b,28
856565e67,103
756c7c9c6,49
c3d234832,21
2043fd8b7,48
4f4f5f14e,50
563a8d7df,103
fea3b6b40,13
e8bf3b5ec,103
837a91c2e,49
df17daf47,55
89fb3d0d3,55
7c8007f01,48
cafd03a2f,103
a1b220f98,65
d5e054427,4
7d7a8baeb,103
64a8fad00,103
40073bdcc,67
e1b3d72dd,4
464ee7908,103
6e3ac91be,91
257de6c9a,45
bcc60f666,7
8e8259669,4
bead374cb,47
c74e100ff,68
dac6805a7,68
7409a08d2,102
11ce56786,48
43f34500d,4
67cb3cf97,55
e88d42b8b,103
ecf64f4f9,103
503c5b1ab,75
7eaa17466,4
f0e6a679a,4
8d3aa53aa,4
f05894941,5
c393d0e16,55
8a4c6a3e0,48
2f4a6e151,47
341b65192,73
a85e27a09,4
5689bcc21,67
64a1bdd75,49
d66dec02b,4
dfb5140d1,13
b9204c339,68
302e11bd2,103
109a722a1,9
1e28c6a4e,47
87acecd2a,4
b1845770d,55
2b4be937e,28
8d8c840c4,103
a1dfe6e17,103
a564e4f51,48
e3b70ca71,96
166cc9d99,4
3a19e432f,48
aa5c575fd,67
d01453352,4
132144011,56
b273a1ca7,71
8d195e4db,103
b86044a66,48
d18e36dce,4
3962a6493,48
407b393a9,53
736b7b278,14
0fcde961f,0
39e2183ff,103
8a6ff36a7,103
7668e5204,103
95ca52d65,53
f03697dc0,103
469301bcc,4
c590e76b2,4
f53f2f68b,103
4a530e1c1,103
c232077ef,103
36c65119a,62
50df03fb2,103
acd745458,55
176afa321,103
2542212f7,73
67cc6b5ab,4
4232febfa,49
52189b48a,49
6fed43511,4
6b8f11ae1,87
7dd683db0,29
96c6c97f9,55
53033eeff,48
67d5e3bf5,55
0422f8181,40
272457fe0,68
79c33f52d,103
59f5594d7,13
8d73023b6,48
915159fd1,28
06d517e80,4
26417279a,103
278e6c9fc,28
ebf692344,4
41716e097,62
8198687fe,16
62c459f66,103
7d47fa7ba,4
790eb61fb,4
cd4bca93f,68
6c51e020f,47
117831b8b,47
ae331a500,67
d913c762d,4
9c5095d94,47
d0e1963b1,47
f247352ee,103
904bafc6c,103
51eb14267,4
bb4688502,62
ba782cc48,48
41dddedd7,48
ceaa96cd6,103
5554ae705,49
6309c0fee,53
eef5aa7f3,68
3d4a5ad3e,67
269695569,103
0693e839e,103
62eba5d4f,47
74f0d70ef,4
183896a90,13
a4e32e242,103
597bcc032,65
92d062d8d,55
9cf28dce1,103
706aa9df2,49
22915105d,63
b35d89433,4
6fcfa47b3,4
1adf45393,103
e665e264d,103
c2ad42df9,83
d0cd8ecb5,4
6a664ced1,103
d7d655c8d,14
dc826db21,40
2873bf12a,4
6a414bfdc,65
a1bd64c5b,30
976e6375e,103
dbc26a259,4
16b341509,48
f0f900bec,52
5ccfc8dea,4
e0df04630,4
d82441a6e,55
a71e2481c,83
b3acfed2e,103
7089f8683,4
fa0d9a392,68
5d375ac61,4
2ceabb5ef,48
b63c59f86,13
a405112f8,88
91610e157,13
82aa265b0,103
1a5b47e16,4
1cccba04f,103
5155022aa,52
4a5172bd5,4
8bfb79995,4
786ac2686,98
d9d6e7525,59
83b0ea85f,103
8c39d1b41,48
f9d24e47a,45
e24d7d290,103
750bae291,4
4f8a37fb9,103
5b229190a,51
cbf0f9495,103
44ad68c26,4
7a660b9f6,48
378c2a70e,4
ad82ed1ea,4
55f00c851,4
4191c5547,48
3bd1136ef,4
7d33fa1f7,4
c55a2af2f,103
7a8d95cdd,4
f0f7be744,48
2b91acd3b,103
29add8561,103
19c5ba9b6,103
28aef7cc5,47
2a914ceb8,103
bed5ebc31,103
f05946c39,4
a855179f9,103
c25b13b1d,103
d5766b84a,4
ff1935c29,48
27455ebf9,4
0ea98df12,49
89ef3a121,67
35eb134af,49
787c185b9,103
934408cfe,4
00e3084c1,55
39dbd326c,47
c68758b00,48
aa1db9aef,55
ad7707082,48
8e298b272,103
79423d8e8,88
8df2a19b0,48
e611ad6ae,4
c52b1e973,48
9b608697d,55
ee58ae806,4
68510e311,55
1a993f386,59
250f0fa92,48
504e1695d,47
d91b12e12,55
87a192226,14
b57325fc7,53
0021f0d33,103
4afa6c98e,47
da5d0dbcc,55
532c117fc,68
0be81ab06,72
86dbae006,55
d7a64d386,55
a391d5adc,48
9be9e90cd,48
4c4fda276,103
56cfcf9da,0
822b2880f,103
d85ac7942,14
81d39b116,4
e2a511303,103
9e3ca10fb,47
fcb1d086a,55
704dfd7e8,103
25d63647b,47
a3d0a07a8,73
26844c8f3,77
727d99d68,103
d8bfdb6fe,52
57c0bd843,102
1bb8d0c39,55
c1c9a86db,103
dc2ff7073,4
3c1645928,13
3756769b5,4
9b2c62063,9
afbd78d62,59
d710d0940,103
846099053,4
fcc54c894,103
2858fae7c,48
10e3859fc,103
63c3945db,59
c92cdfeb4,4
c2e2626e4,68
7965e86c9,68
d5198c9f6,103
e4f8cae75,103
ce60e5f2a,103
93c15dc29,55
c071b59c2,4
677dcf9b6,68
bc53d427f,4
b77626f46,73
3912b7506,47
151cd8478,103
fca2f698a,4
939f715cf,103
a94695f27,47
1f1d99593,4
09c208a92,4
f0abbb0a3,4
85d27a16a,53
e6798651a,4
6c95b6248,78
cddf33a9c,103
7153f9700,103
fc2f9869f,48
2118eb37b,91
ac184d84a,55
e7870e8a8,13
030364f27,103
e416c112a,68
ebc1583ce,47
52eae9528,80
e9c29b67d,48
d7b1f9c1f,103
054de124f,48
9f9578396,4
7f71b69e8,75
71c1f0507,4
7b6338bee,4
3da7aadde,55
c38903943,52
cd35b6b36,68
202b90ad1,49
f69a85264,55
f9731b808,103
2bed40346,28
65f299d4d,103
45c144250,4
fb83a0899,55
a7b14afce,4
a98070f17,49
abd803ecf,9
c180f1160,4
32d9fa7d1,103
154896ab2,55
0072f64ea,48
e6c5fe236,48
cee0a6466,13
36568fe64,68
4bef06f11,48
d2e37916f,4
664bad216,4
d47eedb46,103
2d40a8e47,55
cb02dfd8e,70
e7ec33080,4
75607a399,103
b078f662b,4
bb298dcc5,103
932aeb630,55
2429cadb3,49
fe9040ec8,4
5817b58d8,62
be5a25da8,48
f1ccc8566,103
eeb2d5691,4
083109f62,77
6cd33c3ac,4
4d5836f7d,4
0543d5d92,103
414fa5cce,55
b12c4cea9,103
caa1dd6ea,4
6ec67346d,55
b67bdf3d5,13
b91ced576,103
64923375e,55
fc220624a,4
9d3f09890,13
07f963c50,55
0664c88a1,4
4751e93ad,4
5e84a449b,4
9a411636d,72
721301e6b,67
6f229cb58,4
7327abf40,103
6a2552916,47
c301cdf4a,68
8a5e8c715,4
eb478b7cb,45
b7f261913,68
d390d32c0,4
1f342e690,103
1c8122f7e,55
24dddb20c,103
e914d195f,4
023520fc4,48
83f820e61,4
c563c699e,73
d9eedd469,48
30b4b7aea,4
1fb45cb2b,103
d5f6e40f7,103
18e4061dc,68
54620ca30,53
b78e121dc,47
250af268e,103
103a4a0e6,4
7dc21298b,103
e8475ad43,103
d64daa728,103
f638bd582,4
e3069605c,103
a4513ca36,103
873590360,75
9fc4a402d,48
c7cdff2f2,103
9294f2050,72
b043db93b,103
98a3b2209,48
1d9693978,47
2bddd2904,55
c70d94083,48
2d46aba06,55
4fd1724de,103
6e74639ff,4
706bd2088,4
dd6301145,55
fb3530a46,55
3ffde4543,4
07718a208,73
5172a3da6,4
afdba6c0f,46
46d8e8e19,16
d470e311a,67
876b105eb,103
900f1f50a,4
f4dd28145,4
97dfe0bfb,4
e95ce8077,103
06a1a191b,49
06acca7ac,52
76b0d0576,72
65ce506a1,103
1aeda3f6e,75
9cd366371,68
88d3afe93,48
9856ba8b9,4
7a538b99e,21
94b493650,48
ad81d29a9,72
b7063973c,28
6adc43d81,87
a1ca4c928,4
06f00d362,4
155f68180,4
fa43f67ed,4
c50ca0af5,55
887cceb1f,45
6bf4a58b1,4
a2d6fcb7b,62
29fd845c1,28
abd018788,4
3a6847333,52
c1573a6be,47
4884ed7c2,103
79f507d4d,13
acbe731d1,0
1a902c080,49
69bdf9905,103
6959092b7,14
3f6b5757a,48
7e23f7ad1,4
9e4eb029e,103
157924ece,4
166c6bbf7,48
97de1dee0,49
0395f93d8,55
07e4f36cd,55
0c295f0fe,4
0c76a33ad,4
2406e977f,49
d5b001638,47
7ff8d6f85,48
c32f14d9e,68
80d50c469,103
764a98598,102
055ca7ae5,55
fbc9ef0f9,48
8dc5fdc92,4
86f5cdedd,103
b82ecce8e,13
4289422a5,47
950c30887,103
e046fb456,4
e0bf00d7a,4
a388602fe,28
e09c2b70d,103
58379dae0,4
9750fe0c2,4
eb1ac3552,103
cfdf97182,70
b868bcb9b,103
ed1e5c7aa,55
d1511e64f,28
e4d72ce27,91
c61564271,4
79901d55e,55
f4feeb150,72
3474e728f,102
8005ccb52,95
dc680460e,103
1fadcbda5,103
994b891a6,68
01163c5e2,103
09bc0c309,53
cef09a713,0
b7882444e,48
3552b2954,4
d30a6e9e5,55
7cdae8d89,4
6094552e3,14
c9f640a80,4
9b9381ad6,4
6b4fd7e01,55
21c3d4a53,103
1d6fbd789,47
a7d70c4de,103
dd14b70c4,103
719e9e88d,75
ad3eb529c,48
35e573945,70
bd049d019,103
570029ba3,0
a85a06d9b,75
41163300a,9
bbbc5f9a8,4
15cb0c24a,4
3f1a86245,4
d6503fc7a,48
4779122c2,48
a6ef2c9ab,48
5ea36cf54,4
4fe029378,103
f0bdd22d9,55
4f4574478,4
0eb530d0d,53
94ef8e44e,9
4f14ea184,71
37b58af62,91
1a40b279c,4
039b15a83,13
983130c4a,103
1c3a7bc99,49
875d12d36,9
745cf5ce0,49
3333af434,103
495e8216f,103
8012c6779,103
df5392f38,103
aa2b95145,72
a44826a0e,53
c9db9600e,103
ef123cabd,4
52e436680,55
ebc7ae3b0,45
81bb11926,49
79e573478,103
206696cbf,13
b20b97998,48
18abb30af,4
edf6883b2,45
fe40a3dae,103
ddc839a0f,4
997262689,48
5193214a6,68
d56664e9d,4
77767dd21,103
25b7cecbe,103
eef606ee4,68
c87d22df3,55
28c5b096e,4
57abd6d16,4
3ba0b4f6f,4
60c188245,4
c652a7499,53
085b33a8f,41
cfebc1eb9,103
eaaeacd1c,103
c50fdc486,4
cd29fcb6b,4
f3c3215ff,103
94a240084,55
cbff5d0c1,48
14b239870,48
5376bd006,103
a3b63b1f7,103
7c9adc043,4
54b876ff5,4
5574a3c79,4
1f0642fd4,4
529f2ee42,55
e75ba2d32,13
9b9dcd9c2,103
9ba7dcc7a,62
c0825b4f8,68
ad74613c8,103
05d03cdb2,4
e4c0f1e32,103
24bc6b404,103
651d0b2f9,7
1d3399cbf,55
ffcda7d10,4
7e1f50feb,103
2c302c916,103
797d44519,47
5bf457360,103
da98b5bac,47
22cbf6e58,13
6144fcc9c,4
b1de2b162,4
9f905ae2b,64
7d32579d5,103
3ee4afec0,103
93f0dd7cc,4
85e11330f,103
a1b523d1e,103
72f51631f,95
0b619448f,103
f718d5fff,49
8228ed988,47
d062630fd,48
7e5967223,4
cf3047df1,4
769f6fb8d,48
bc4b01a52,4
3ff1824db,48
be30d241b,4
0ea779a14,4
0c6b189f3,103
669487461,103
3eba562ed,55
6fbef3988,4
b62a1a945,47
9a3a414d4,14
83bd193a6,103
f3b8a1077,55
51b1f6a59,103
c3bab1104,4
4afd6043f,68
168f633fc,103
1ed9fc0aa,103
653dc3b58,103
57f693d04,48
f2cfe18dd,4
3a3274d90,68
5b1f12738,103
3e043e76d,48
e45e707db,14
e163f8333,4
34a95a94a,55
b2cdea1bc,4
1ce1a7e34,102
9a6716090,67
57f44a56f,16
0e6c034cd,103
6180782c6,53
8f4e1b979,4
061e3b226,48
946ef4894,4
6ea2b0e7d,4
e1adf9362,55
d4362cb73,103
c874dbc71,73
7a7c505a8,4
ef591cabd,55
bd3518b92,4
885d5d2ef,103
c354e0d67,103
82b0ce34b,67
41c27b630,103
9a970ddaf,103
18a0fa20c,0
9dec6e6da,103
ce6f860f1,48
eb0f37d39,4
3f4d7610c,55
d36d163c8,102
1507fc4a8,53
6e3303932,55
5906e9893,13
76311e00b,47
2e31631e4,4
f2f66f2c0,68
d8f64062f,48
3d99a3247,47
c0b653e38,48
7a26fec2c,4
2b1fb675f,48
23cce6771,75
e181cdda9,48
537f3aa34,103
869035e2d,103
5e7372874,4
a2e477d6f,48
cad6a0d66,48
735783bb8,4
690f1dea5,49
875d61521,4
0d7eab0ce,48
bd6b0dfac,4
75e80fdfe,4
4ea7f54f5,4
6a69d191c,86
a7e869862,4
6129c13a7,16
69ed9d7a3,4
4d7e7b6cd,40
5bc1503a0,55
2451960a2,13
ce2745e96,103
62b5e80ae,52
4df5a7b4a,55
3f3cfc6e5,103
ac263553a,67
562b2d688,55
815b552f8,49
db0212bef,14
93b56e886,103
acc347bb6,4
43c7672d1,103
7cb805a4b,53
db4859b98,4
c3af619d3,4
c4c67ba42,4
38bc8b746,103
21608cb5b,47
7e85cac95,103
e079e7ca5,9
033f56581,48
bf8a78505,103
1b7916b63,55
2c54bc2fb,68
d5d2c10fb,55
73356bf2d,4
4dfa64964,70
48bf5c6c5,4
a7464ddab,68
f2d9b993d,4
e788cdf9b,16
656ea8ca7,48
6c0edcf33,65
b601d9f8e,28
3d0556ab9,4
024ecc6fb,4
e23369e1c,48
82e9c6954,103
078233359,4
ea6121903,103
d06bf1078,103
8893d08a2,55
1b4b7b0aa,4
19b55b489,4
3ef916a55,68
ad06e1507,103
82a37e873,59
08302b7a3,4
0a38b5a6f,13
1081dc395,4
d8346f57e,103
39bb94d66,4
0502ffb63,68
ae6b4c59b,103
b9e513369,68
0999994cd,21
6a099e4a7,47
2557c29c7,68
29bfe409f,103
eecfcfd26,103
9ff26d18b,68
5edeca301,0
21a5f41f7,4
003b89961,48
8427d213c,4
ca865c4b0,48
ffccd38bb,4
4217c1328,45
f9a14ea8d,4
093f50986,80
e45a03866,103
0af1026b6,103
f5da36491,4
6db4781a7,47
e3bdad3bb,30
842be06bb,47
e7f0f1e63,47
caf89a8f1,103
8592e5ece,59
55603d86c,103
a53fc71a1,47
55683854c,47
85c84a176,91
eeb419776,55
4a42f34cc,103
32bcd07f0,103
aeb1a52fc,4
5d35e5409,103
d12bd1d03,16
916834e2b,4
8d5b79bb4,48
408db7399,48
0ec158f7a,4
ccdbfbc8c,103
e830a4d93,55
52232fe3f,49
760ce7b43,55
17c2e1b73,48
c48f8f050,4
babc5e002,4
a7855a3e3,103
8b2b9d6c0,103
db2bf0488,68
10b54687f,47
e80bee440,55
7c10f4b8b,16
a6ade9e09,28
e4e3d8a4f,55
60b3c1ec6,4
f4ac8bd6c,103
031a7c19c,103
5607b2020,103
658b73453,49
2b07811fb,103
480dbd0cb,73
1b0656451,12
12c03d834,4
237c95bc6,13
ea32570af,13
c27d9c294,91
043666ac5,62
6b9570949,4
c8e30f4c4,4
bb5147a35,22
3081eb3d7,103
3edd04c83,48
2586669bc,48
964412965,67
1fc614660,16
2da61d102,4
2eaf291d2,14
50f33fc4a,103
463545278,43
386369977,55
2e7d74e55,24
78c19e86d,49
48689d750,48
6429d59a3,16
d4bf7a89e,68
d35b47e60,103
b067fabd8,48
089c2739f,64
f99c51769,55
04ec1f692,4
2b9d54083,4
79cb3514c,103
0c56833c4,103
28f0909fc,103
f48aad6a7,4
68e87d794,68
ed429fccf,9
89e147dd6,47
941dde56a,21
88ab1aed7,103
f9f196acc,91
eaf19ec05,48
f34e6c4db,48
6dc57d8b3,90
691ff0015,68
577136af2,48
8801493cb,55
c87bbe155,103
6a9f813a1,4
e85121a2c,48
ee64fb7d1,55
a5d650b37,4
a5b6a29c8,4
064a230b7,4
8482cd4e5,73
816ea6eb9,48
aef983095,4
fe824e9b2,47
f1e71c574,103
a76407bf8,40
1218dabe7,103
684a48f58,4
4c79f68f0,103
228540138,30
e7791dc5d,103
41f7c2604,4
9a8d29f7b,103
4b0320af7,103
0b9edd8f9,48
2b4605245,103
393d8efdd,4
1363038b9,68
5beab41c5,103
eb0a1b58b,45
2af766509,21
39327a0dd,103
95ab27ba4,4
26444f504,4
efdc65d2f,103
b32d80296,103
a1ae9344f,13
548fe4d32,80
63ac3780f,49
6be539abf,103
d0b48815a,55
943e13c28,4
66574442d,4
aaafbe4e9,16
70cbc35a5,4
935518c47,4
40eda589a,103
061988edc,4
90bd4a9cf,67
4fc55f7bb,49
c9c4ad186,55
dc4a5c985,48
5c71c2638,48
2dba0571f,4
1beb4e8ef,103
b8c3f66cf,14
eb4bacc7c,45
2ec187152,16
048596edf,48
f157a3c6b,48
5112d23be,53
ea95803b6,4
03c4126b4,4
3ad81fa96,4
789e8506b,76
c01254e45,55
709d4aaac,103
0963e2956,55
4bfdec3b4,4
5f024c911,21
a17d53e19,47
019a2efb9,103
d8f81ecea,4
f21f7aba6,103
8a223576f,67
2ae165ee8,65
69c31f86a,103
420e4c39d,103
87f6a1325,73
6461cf7f3,28
a016dd653,49
7723a9059,59
938b2ff4f,4
4d8257f18,16
2ce1e0b6a,103
d483748e6,55
4546ad0cd,72
1f5a8d8c0,48
c1e7e7867,16
1f38d6778,103
9264502a9,47
03c54f05f,55
b9a264608,4
ead4c9659,4
b0d928a20,4
92b24e585,68
e7638c0a5,103
0b027c740,29
42fbaf02d,55
495523f05,28
81f2fa04d,4
ecfc076ab,103
b27c04f88,4
3beb40bce,16
b1391f097,103
43382559c,0
35b87f500,4
f033adb55,68
95eaa8650,55
ee3c66211,53
9da5c57ef,4
6b5cf2a71,48
46d056d14,103
ad0d1c07b,13
e8add9fd5,28
14fe67e77,103
2c79f3a6b,103
a5f5634a7,4
509570780,4
c05075421,80
88226300c,98
cd3c07f1e,48
a91c62b42,52
08c3da1cd,68
3714d19b7,64
151d03177,4
f880b1d01,45
63d72a8b5,4
36112c4bd,4
8ad5daf80,4
74ecc535b,102
3e3942656,103
5ee6cb24d,55
70e6b4f07,48
8a0b0f47a,9
804f7c7a6,48
ca9c4b1e1,4
08a78ffc3,72
4d42fbb18,68
5c76c7057,48
8e9cb9e5f,103
5d4811c9b,4
e9928cf8f,4
170517f38,103
2575123f6,4
a4c653f29,48
76f661311,53
26f14822a,103
fb2895935,4
bb91e163e,102
53d1111f9,4
c6fdffb79,103
9e011c986,91
377abf496,55
f69355cc5,4
0535ccb68,53
8bf87e69c,48
07b1b8c87,4
e9e0698f5,4
cf8ee02e6,4
3d087513e,68
bcbc0ec93,103
64a087667,4
70d37d23f,103
6c1e0dfda,13
7b1177392,68
0667667be,4
1ec665f37,4
a0dfbd411,65
ff6213278,40
f0dc59c83,4
f5207be25,4
74f1c073c,59
b96651b6a,68
b30719c82,103
b6559ddf2,103
b8a90ad87,48
b2d223ece,48
5e35708ec,103
fd6b80e18,72
23ea06b99,55
04a7f34aa,4
39c5bb98a,103
90b57e4a0,4
11ed4fed5,68
377240bbd,103
bcd68e6b2,55
34aceeacc,48
805888e57,103
fe30ebb03,103
dc4338093,21
b167313d0,103
10101e982,4
b72fe5b8d,55
e690ff8ae,4
383ce35cc,28
38d113afa,103
b83336a9f,4
7af3ecde3,55
dc40a9854,55
83abaef21,103
ed849ee3c,4
f58f83775,103
d34eabf31,4
21ca80954,103
486d538e1,68
3599e2fbf,4
72848173f,16
96d8b0c1d,4
ec7f6d106,47
757866231,4
7790e656a,45
3d000dd19,68
110dac9f2,55
cce4b16f5,62
f1babf32a,4
3eaf5a947,103
36d0c85f4,47
214121cb3,70
bb9565c29,48
902b5770f,103
f5e86abe9,47
2083b8669,103
916e18133,55
65a3a7b6d,52
a3d0ecd9e,103
e8a1d04f0,103
b0b810f90,47
ac67924f9,16
e2b90e868,91
3bb893d48,49
333118494,48
69af53dca,48
30802b47e,68
5227d80bf,4
947bca713,28
090a1154e,103
14ffc1505,48
2b5c4fa01,55
121fc6463,4
35b89eb8c,50
4c613566a,103
ad60c3571,50
ed0204f22,47
90e8d8225,47
284fc118f,4
fc6b8b594,48
d30f4ccaa,49
5f274a6ad,103
4a03138df,49
bf9efeb37,4
fe1669ffd,4
3653292ac,49
07b9edd52,93
ad27e607b,55
0cbc27679,55
ea755b7f6,68
e9a53e9fa,48
c7cd71880,55
a8e6d30e2,4
fda42498c,4
65c796a0b,48
c0a9efdcc,16
2a017a2ec,103
9e421d059,4
5a86ac765,13
8c59b2b7f,53
5f84c75f9,72
4ff54212e,103
9c3ca26e9,4
eac0fd0b9,4
ee6340fc0,16
5dac2f949,47
aae8b6cb7,103
0281e01e3,9
ebe718ae0,55
d1dacf9dd,103
467025843,48
0ef6a4923,14
99f5a507a,4
4cf1de29a,91
9dfb86d81,48
d8909ecab,55
7db44032e,103
edca7ed7e,5
863e8afa4,103
f6f821392,4
72033968b,4
56cafc1c8,103
f281ef28e,103
f5a3fd7b5,4
abb27a80c,28
195bacee1,4
977ebbfb9,103
50b7b51b8,55
a9a1e0332,48
8e75c9098,4
eed177624,4
bb1e822e8,47
b2004fc1c,68
6b8d9d74d,48
f7ec97ce1,93
1777595a2,48
f424ad351,103
738af3f29,4
b80e5bddf,4
11e3afa83,103
e4bd15b11,103
ce0668511,4
00f05ea9e,4
3af79d01e,103
2194ed33a,77
3b518d13b,103
0571dcc03,4
41cbb748c,47
01597bbec,48
2c061c902,103
caff65f31,48
8fc8f357e,103
8d94bd8b9,62
09cec0e8a,45
91275fda4,4
ff2ebb52f,103
467d1a4a4,4
36da5e9ca,53
c5f7f7fe3,4
e6135dd8f,4
6ee6d6c48,48
816ada493,48
0b2640e87,75
04721ef43,48
ce72a44fe,102
979be015f,48
f7890fb5d,55
5528db727,47
490efc553,103
18d6844a0,48
98038f676,75
4b2c0659e,103
7d0e16879,4
7b6d30721,103
b7c02d7c8,55
7059b2c59,103
465f2ddcf,103
df01d58ca,55
2a60639ba,14
4d20e5f0e,29
226ff375e,68
2ca0a45cd,103
646e258ec,48
f6e9739ff,83
e9d6bf3cb,50
a11aaec4d,16
54419838d,53
53f2f97d2,51
16c791a6f,103
da6f46b28,103
2a40c5664,4
2a499fa40,68
cfbc79ec1,4
436f2b8f1,55
e72ba29c5,103
9c64cb14d,103
7b1e459ef,4
1bbceba89,41
698676b2c,4
f59c3ad7f,103
c0edbe84c,103
f0f2f3e0b,4
3b6e604d2,4
af3c7a24b,55
6c2ce6d90,48
8f206287b,48
e555f7ecd,103
d0411902b,4
c64eb3a36,103
f8aff0cd2,48
02b01a158,103
b8c82be3f,48
fb9a6a9b5,68
433c9564f,103
d1e91d28a,93
da1b9b717,103
d4a2a2f29,4
a3a17500a,14
79f689862,103
0134f018d,103
8f7dafef1,4
ca1b7fcd6,103
0186b465f,48
5f729cf60,48
1226ffc63,55
9d98f7c9e,103
2e7fad027,103
9a6e4aacd,4
f811b7fa3,48
8fe3eca19,103
c4c9b5dc4,49
8996126cf,103
4c0f2c1ad,45
597ea383e,53
5d171dcf7,102
aeb6e32ab,4
9123fc9c8,0
76dd2577e,103
674e50421,4
3be259713,48
5dd6b63d9,55
f9eb9c412,4
374452b3b,21
c6774c8ab,90
07f85cd68,55
c62460407,96
c92684487,48
a1c8de469,45
56a71117b,4
ea36e1b93,103
7cc00d3bf,91
f21bd29f5,4
85d30d942,4
a3119fa46,103
35659b2ff,4
57d9b8302,4
a5b604f04,103
0c7c4d0a7,4
6953f8992,103
5c66ca3ec,103
3a391563c,103
96df0c6bc,47
056767c8c,14
d1ae6b983,68
6759ac31a,0
131ea4f52,48
2bb868394,48
fb6d4648a,48
6dc1a03ed,49
afd56596f,4
e109f9b0a,4
757e27b6b,47
1706c5144,14
888fb3305,4
792e61b1e,49
c63df66ce,28
434079379,75
4591d2725,103
50c9fd635,16
19f18eb63,55
7b506b5bd,103
7a9de4b35,4
4a30cdae9,68
02055dd80,4
45610320d,7
57787a61a,103
fb78539c2,103
a7af85579,48
d9e7e7723,47
44903b337,73
767a87c4e,103
149c9e414,103
84a3027c3,103
4dfea8574,4
fc8428025,49
7f7b2c732,48
f2a35c7cd,103
9d38f1232,47
202eabfc4,13
1e0d2fb87,103
914b0e71b,48
cc6a65411,4
7cb1fb42c,4
b8c434ee9,103
baa0d1cb2,55
42d890962,68
a6e42d0ec,4
4198fad68,55
142929b13,55
394eed0ec,103
6abab3d7d,47
91398b8af,45
07b1b52f5,67
88621ac35,4
075d6bb86,55
23a5ec48b,67
b30ac7015,4
77e34e261,4
4dccae9a1,47
e3b0ff721,47
a1a26657a,55
01a3fdd52,103
b0e07a930,68
f87390b13,4
7de565519,103
3a1d5b5db,4
2cfc6468e,4
fdf61c313,103
d0a654445,55
64213e873,4
847402c34,103
ff67d505e,4
e83500196,4
c0dd27777,55
42e378280,91
d08d707db,48
d89e84047,4
14d0bc36e,68
1d49676bf,48
ff5d4568e,48
c6bb832b3,4
c5c1962bb,48
98cb45c72,103
e11a7a42f,4
ac1af6f95,48
aa32d1bac,4
24d5596ef,103
2daf558c1,9
74d672d39,4
3f7a7e0d8,68
350182af5,4
a048044c1,103
9256e64b8,55
fd5cd4e2c,73
e98492667,4
911c029b5,103
f76006728,55
ebd098414,48
4a3bed1ab,4
ab905cacc,47
9a879fb6d,4
9304e605c,13
2cc73c0c9,68
a2e59aee8,47
6a9dcc24b,4
bbe2e7c64,55
501229169,103
4d88ed603,4
fb8be9bfa,55
4ba2dc197,103
fd1ebe8cb,103
36f394d24,4
fb67e5172,48
018353f1c,48
2c7a32907,77
f7107a3a4,48
d7c723881,4
8e2bff6c6,48
a0bdfb2d3,55
fcebd07c5,103
e9471b958,76
f18556a22,103
7fe424fe7,4
0f0ccd222,103
ee19b7f65,4
337187c30,67
8af4a8896,103
d20e60a1f,55
671ad3443,67
547e41140,67
07a4b0444,103
38a3caf8b,68
7605a3733,103
18ed42876,103
0c8abe310,9
341eee5b2,103
218e61006,4
cfe404d71,48
19e07f757,103
63ed2755f,49
702cf1671,80
b8bfa2b50,13
797da59fa,103
878cb5b42,47
7ac6f5ed5,4
1e59b9929,4
f8b87bb44,55
ca050faf8,72
c210cba33,55
b45121ff1,48
5ea428031,103
991b607de,103
f9de43fb7,48
7beeb67c3,47
30e800167,103
72606e8f3,55
b125a5970,4
b52c3c500,103
39b18554c,14
897e8e24d,4
c93ecfaeb,103
4479a460c,75
ee3c0e393,91
9ed125a83,49
14a804b2f,4
0d6befa42,91
3919d8ac5,103
6e4e60f69,4
ca1095668,103
5e69e6a8e,103
79f93fc6d,4
1d3f0519b,48
4208f72ba,103
23ea13205,9
536c83e57,4
7e2ed4d52,52
9a167fc40,103
69f5b082c,68
eedc4e2f1,49
36d4c70b5,103
47830a2a1,4
19b046852,103
9cd6277d4,4
6e979324c,103
fb532209f,48
1c0c4fa86,4
36444082b,103
2fe816ce2,13
e6c9612bf,68
8b293a45c,0
875858dad,4
8f7576edf,103
6ba2f9b54,13
993b3757b,13
4c8e7b1f5,103
052f7e154,48
6e16e769d,68
693fd2ef4,47
5e003d916,68
5ac5273a9,103
a1b4dc452,91
5e216ec7c,68
991294873,48
368d86c92,4
31dec703e,55
b0d0e7cd7,103
aaef221e7,48
45ad763cc,51
9e87cc8f0,103
a666bcc36,103
e5540e0f5,48
6f238770e,4
73d04b4a0,4
06a271f97,0
baa4deee5,91
920247fd4,4
486248544,4
5c38776b4,103
80ab4469a,59
d75974136,30
2ef28fa69,4
369e356df,28
66cf381b9,68
f938ff523,55
1fe1115ee,55
f4684cdeb,4
874df1738,103
a18ae9e89,102
f85c3cd52,48
e56916c4c,53
eaa8b622b,103
37b17ad81,103
6c14532cd,48
0fde7a334,50
a35a4626f,55
77759374e,103
624196c26,4
6b47e8357,55
a4d628083,55
c1e39ffe4,4
4e933f65c,81
2482d97e4,4
7ca677dde,4
85f511409,103
5f2c16024,12
f0da19dfd,46
2bd2ebfa9,103
23d5c512f,55
0b061eae3,4
441c13b73,103
bdb501796,4
c6326ffed,55
d1655f52d,103
5b89103cf,55
0ed0741d4,48
f78eecf21,103
9cb714943,4
95eb4c83a,48
832b85df9,4
de9010824,75
4028851f0,4
34d222c51,4
0a8a36c25,4
e60d33c82,4
b545ede10,88
38b48be78,103
3c36c119c,48
4194b2615,48
2c05dd6e0,103
2e21540ac,103
7d3786848,68
f8933e5d2,103
76bb433ee,55
17625283c,91
f735fb308,103
02d846418,48
89f3b6297,48
071eaaad4,82
fac4230e7,103
85b7e1897,103
6820bdfb3,4
56e37b524,4
da0a25a77,55
a68286bc6,48
832e7cf1f,4
40fc0d8ba,4
a6ad089f9,47
41ffad9d1,40
26914358f,49
42acf797c,55
c3ddcd12d,103
e68ff576e,75
e810fbb6b,103
a9855f136,4
4c91c2a8a,62
25004084c,4
eb71bcdf2,47
402023b27,81
8cd1b6545,4
0dc507ad4,48
f986f94f0,36
a4cd1d43c,68
aa118cbeb,55
a21a2c1b2,103
0cf33d505,49
f51e1baf9,80
4a1d07383,4
29f4ab45c,55
2b47bed50,103
c86cce658,103
4698789b6,4
7f19952d4,55
4c6264df6,73
9fcb174b6,48
224416fdb,103
c87c12901,52
e2987599c,28
f0f7de90c,103
6af290ef5,88
80ceb515c,48
44af20a55,55
689eb9f68,68
b020fbff9,49
3daea4675,75
8965a61bc,65
33ee9899d,4
d9268cb57,55
ca1d1d65c,55
22a46a27e,55
e2194cc70,67
878bf09bf,103
5df38050a,75
5e2125e43,68
fd44aaefd,52
631f04e66,48
2a158f54c,4
6273f48ef,64
57d893ed7,48
cc256396d,50
5ec08d254,72
f5a7cbd09,22
fc13d942e,4
6ef0b83d0,55
48faecd45,4
dbb703916,5
315d0c65d,48
392443fe6,91
26a12de02,46
3ff83ac2a,4
d5ccfad53,13
76e3166a8,68
29c460e2b,45
3875d3601,48
a829407c3,62
c20b4c81f,4
c54530ff1,48
68d5dc3c5,16
d2cd8b9fe,49
9f3fabc70,103
5e166be69,4
5f1a08959,4
f985ee0da,48
9fb9a9e81,13
61290cc43,0
c701bae84,4
a5d4584c3,4
ab6404be4,103
055988ad2,47
c404b8c8e,67
47f8f7372,13
6387659fd,103
c44d85f2f,51
5ca912390,48
31ee17f77,9
82316b58b,45
3dd4e386e,28
fcd2cb7e0,48
fb91caf96,14
313055a9e,103
3a81df4d4,4
1a9d0eae3,48
deb71b934,48
500c6294c,55
cd86aac5a,4
9d9605a15,48
e59f4958d,103
7dcc4ff7e,4
52dd86f38,47
ab3bcad5b,95
ff2804289,4
a21f6d452,4
db09a299b,62
476283f9c,48
979d4369b,65
7d759eb81,48
5a2911399,4
785f14a23,4
8bae211d3,7
9ca216086,49
30ecc23d5,48
a78af18b7,4
40a956d5b,4
881336587,96
323884b26,103
cfc106ac3,4
f26f199fb,4
2a0a2ea23,103
d09882bb8,48
435e0f59b,4
f99834b3e,4
d4c799460,55
e256b0ce1,67
f95d4b24c,65
6162cab31,4
da176437c,55
32a1d9f65,48
91212615a,103
6021f47e4,41
139aad8b2,103
c2b3daa2a,53
623b64d19,48
6d48de3df,48
06cf3311a,48
e207a9c22,49
cc9d66275,65
b241ccc78,4
486715238,103
dc5498af1,47
9d4d22004,68
b845a0f00,103
abc1d37b6,0
cf787b891,52
97dbf9d67,13
c0e7198e2,55
654504abb,4
abac36cc0,103
7e3369c19,48
d46919710,48
c51ad1704,48
a13d3dfa4,55
405a7d77a,48
c5d48fbbf,4
c2ddc15a6,68
e34bf0fa4,91
b0f5721ca,68
1b4edfea8,4
581ead9fe,72
7d1005a2c,91
67dbffd24,4
465fca558,103
1289609e3,55
1cd461407,4
c96004e94,68
5699993e6,47
251a8d95d,48
41230fe49,49
a024aee0f,103
2a608c0db,103
0cfca4a37,16
754eab3b5,103
1e8c44cbe,28
8c5e0c760,103
7f5479556,4
51d113f3a,103
2c7ce5049,49
9e7925f1b,49
1ef426390,4
64f9d993b,48
02073dfee,55
2072cd9f3,4
e6ec47b1d,48
c199140c3,28
d82a21bbd,103
47f47a868,4
5fab0c048,48
1dae04aa5,45
d7a9e0691,48
e955870c5,45
618ded9bc,48
63e2e3e4f,103
becdc1364,88
ac8d33b0e,103
3816dac91,55
831348989,68
d7388a066,68
cd16a306c,55
589fe7959,103
f9c931893,62
27c1d078f,4
9e99e1332,55
62a682a26,4
1da642ca9,103
3b7c11d3e,103
cb3ba4df2,4
ed087f460,4
48526fccb,48
a859410aa,103
a24932259,4
f0fd3d741,45
53b2da1bf,103
f89a5307c,103
d6c7e918e,103
18c7b92b8,103
b9b88996b,4
7f4520e95,51
25e5d12e0,4
40ff0c11f,4
9cb5c3012,103
99617ebe0,91
298ade3a4,48
8361401fa,47
3522d5b4e,47
f65475a24,48
ce3c158fa,0
c785abe6f,7
9b9c0e574,103
e46998f4d,103
523df966b,47
e86e2a592,48
